"fecha","AQI_SO2","AQI_NO2","AQI_PM10","AQI_CO","AQI_O3","ciudad","AQI","Nivel_Aire"
"2013-10-1",7,36,85,22,21,"Aotizhongxin",85,"Good"
"2013-10-10",26,27,92,17,21,"Aotizhongxin",92,"Good"
"2013-10-11",18,37,72,27,43,"Aotizhongxin",72,"Good"
"2013-10-12",3,41,66,13,37,"Aotizhongxin",66,"Good"
"2013-10-13",4,32,51,14,25,"Aotizhongxin",51,"Good"
"2013-10-14",2,24,35,11,17,"Aotizhongxin",35,"Excelent"
"2013-10-15",3,25,24,8,25,"Aotizhongxin",25,"Excelent"
"2013-10-16",4,34,64,13,29,"Aotizhongxin",64,"Good"
"2013-10-17",12,48,108,18,26,"Aotizhongxin",108,"Slightly Polluted"
"2013-10-18",22,65,150,30,11,"Aotizhongxin",150,"Slightly Polluted"
"2013-10-19",9,24,56,25,22,"Aotizhongxin",56,"Good"
"2013-10-2",3,20,28,5,46,"Aotizhongxin",46,"Excelent"
"2013-10-20",4,27,41,9,25,"Aotizhongxin",41,"Excelent"
"2013-10-21",11,42,96,11,0,"Aotizhongxin",96,"Good"
"2013-10-22",19,37,78,11,26,"Aotizhongxin",78,"Good"
"2013-10-23",4,22,57,8,26,"Aotizhongxin",57,"Good"
"2013-10-24",2,13,38,6,40,"Aotizhongxin",40,"Excelent"
"2013-10-25",6,29,55,16,37,"Aotizhongxin",55,"Good"
"2013-10-26",9,36,70,21,36,"Aotizhongxin",70,"Good"
"2013-10-27",19,63,136,36,6,"Aotizhongxin",136,"Slightly Polluted"
"2013-10-28",26,61,174,57,44,"Aotizhongxin",174,"Lightly Polluted"
"2013-10-29",8,23,45,52,31,"Aotizhongxin",52,"Good"
"2013-10-3",17,31,69,28,38,"Aotizhongxin",69,"Good"
"2013-10-30",8,39,78,19,27,"Aotizhongxin",78,"Good"
"2013-10-31",8,47,98,22,22,"Aotizhongxin",98,"Good"
"2013-10-4",26,46,108,34,79,"Aotizhongxin",108,"Slightly Polluted"
"2013-10-5",16,57,173,29,87,"Aotizhongxin",173,"Lightly Polluted"
"2013-10-6",25,50,141,29,25,"Aotizhongxin",141,"Slightly Polluted"
"2013-10-7",24,30,69,23,32,"Aotizhongxin",69,"Good"
"2013-10-8",17,29,67,14,38,"Aotizhongxin",67,"Good"
"2013-10-9",25,48,115,19,16,"Aotizhongxin",115,"Slightly Polluted"
"2013-11-1",16,48,118,19,15,"Aotizhongxin",118,"Slightly Polluted"
"2013-11-10",5,10,29,7,29,"Aotizhongxin",29,"Excelent"
"2013-11-11",10,21,43,9,22,"Aotizhongxin",43,"Excelent"
"2013-11-12",11,21,50,21,26,"Aotizhongxin",50,"Excelent"
"2013-11-13",45,65,162,44,1,"Aotizhongxin",162,"Lightly Polluted"
"2013-11-14",7,12,53,7,28,"Aotizhongxin",53,"Good"
"2013-11-15",19,44,107,20,8,"Aotizhongxin",107,"Slightly Polluted"
"2013-11-16",6,11,56,36,30,"Aotizhongxin",56,"Good"
"2013-11-17",5,10,18,6,29,"Aotizhongxin",29,"Excelent"
"2013-11-18",5,13,13,6,26,"Aotizhongxin",26,"Excelent"
"2013-11-19",7,14,30,10,16,"Aotizhongxin",30,"Excelent"
"2013-11-2",11,68,168,23,20,"Aotizhongxin",168,"Lightly Polluted"
"2013-11-20",7,17,35,12,19,"Aotizhongxin",35,"Excelent"
"2013-11-21",31,33,82,44,8,"Aotizhongxin",82,"Good"
"2013-11-22",41,54,119,49,9,"Aotizhongxin",119,"Slightly Polluted"
"2013-11-23",37,57,132,55,7,"Aotizhongxin",132,"Slightly Polluted"
"2013-11-24",17,26,108,62,18,"Aotizhongxin",108,"Slightly Polluted"
"2013-11-25",6,14,24,16,25,"Aotizhongxin",25,"Excelent"
"2013-11-26",6,12,46,31,26,"Aotizhongxin",46,"Excelent"
"2013-11-27",2,5,36,4,24,"Aotizhongxin",36,"Excelent"
"2013-11-28",6,15,36,20,25,"Aotizhongxin",36,"Excelent"
"2013-11-29",15,37,70,37,16,"Aotizhongxin",70,"Good"
"2013-11-3",4,15,16,6,34,"Aotizhongxin",34,"Excelent"
"2013-11-30",17,24,52,24,24,"Aotizhongxin",52,"Good"
"2013-11-4",8,28,57,13,27,"Aotizhongxin",57,"Good"
"2013-11-5",29,50,124,19,5,"Aotizhongxin",124,"Slightly Polluted"
"2013-11-6",4,11,65,24,31,"Aotizhongxin",65,"Good"
"2013-11-7",6,18,51,24,19,"Aotizhongxin",51,"Good"
"2013-11-9",12,14,53,12,22,"Aotizhongxin",53,"Good"
"2013-12-1",20,37,71,22,13,"Aotizhongxin",71,"Good"
"2013-12-10",7,14,34,16,27,"Aotizhongxin",34,"Excelent"
"2013-12-11",8,20,31,15,17,"Aotizhongxin",31,"Excelent"
"2013-12-12",8,16,26,15,25,"Aotizhongxin",26,"Excelent"
"2013-12-13",16,25,58,15,15,"Aotizhongxin",58,"Good"
"2013-12-14",9,18,30,9,11,"Aotizhongxin",30,"Excelent"
"2013-12-19",17,29,61,29,16,"Aotizhongxin",61,"Good"
"2013-12-2",32,42,90,51,1,"Aotizhongxin",90,"Good"
"2013-12-20",20,30,54,31,27,"Aotizhongxin",54,"Good"
"2013-12-21",24,35,63,29,18,"Aotizhongxin",63,"Good"
"2013-12-22",37,48,104,56,10,"Aotizhongxin",104,"Slightly Polluted"
"2013-12-23",42,49,114,56,16,"Aotizhongxin",114,"Slightly Polluted"
"2013-12-24",63,64,158,70,2,"Aotizhongxin",158,"Lightly Polluted"
"2013-12-25",48,50,150,69,26,"Aotizhongxin",150,"Slightly Polluted"
"2013-12-26",6,10,24,8,26,"Aotizhongxin",26,"Excelent"
"2013-12-27",12,18,22,10,23,"Aotizhongxin",23,"Excelent"
"2013-12-3",24,32,77,52,25,"Aotizhongxin",77,"Good"
"2013-12-30",27,47,85,19,0,"Aotizhongxin",85,"Good"
"2013-12-31",14,26,140,31,31,"Aotizhongxin",140,"Slightly Polluted"
"2013-12-4",23,36,77,42,12,"Aotizhongxin",77,"Good"
"2013-12-5",16,22,52,41,26,"Aotizhongxin",52,"Good"
"2013-12-6",28,39,100,46,3,"Aotizhongxin",100,"Good"
"2013-12-7",45,53,166,83,1,"Aotizhongxin",166,"Lightly Polluted"
"2013-12-8",42,43,139,76,21,"Aotizhongxin",139,"Slightly Polluted"
"2013-12-9",6,13,13,11,25,"Aotizhongxin",25,"Excelent"
"2013-3-1",6,11,10,7,36,"Aotizhongxin",36,"Excelent"
"2013-3-10",12,25,57,15,40,"Aotizhongxin",57,"Good"
"2013-3-11",47,45,112,26,40,"Aotizhongxin",112,"Slightly Polluted"
"2013-3-12",14,36,81,21,22,"Aotizhongxin",81,"Good"
"2013-3-13",9,18,18,8,36,"Aotizhongxin",36,"Excelent"
"2013-3-14",28,35,77,17,36,"Aotizhongxin",77,"Good"
"2013-3-15",41,50,148,32,25,"Aotizhongxin",148,"Slightly Polluted"
"2013-3-16",39,45,150,33,44,"Aotizhongxin",150,"Slightly Polluted"
"2013-3-17",40,58,178,35,52,"Aotizhongxin",178,"Lightly Polluted"
"2013-3-18",11,23,82,41,52,"Aotizhongxin",82,"Good"
"2013-3-19",9,23,48,12,17,"Aotizhongxin",48,"Excelent"
"2013-3-2",20,33,39,17,25,"Aotizhongxin",39,"Excelent"
"2013-3-20",7,21,44,13,33,"Aotizhongxin",44,"Excelent"
"2013-3-21",12,43,104,19,12,"Aotizhongxin",104,"Slightly Polluted"
"2013-3-22",14,35,95,17,31,"Aotizhongxin",95,"Good"
"2013-3-23",7,42,65,15,2,"Aotizhongxin",65,"Good"
"2013-3-25",26,41,103,14,39,"Aotizhongxin",103,"Slightly Polluted"
"2013-3-26",40,53,149,29,22,"Aotizhongxin",149,"Slightly Polluted"
"2013-3-27",12,19,71,14,43,"Aotizhongxin",71,"Good"
"2013-3-28",7,20,50,15,42,"Aotizhongxin",50,"Excelent"
"2013-3-29",24,44,93,33,23,"Aotizhongxin",93,"Good"
"2013-3-3",33,41,83,28,36,"Aotizhongxin",83,"Good"
"2013-3-30",34,34,79,28,36,"Aotizhongxin",79,"Good"
"2013-3-31",8,36,120,17,4,"Aotizhongxin",120,"Slightly Polluted"
"2013-3-4",13,25,42,13,40,"Aotizhongxin",42,"Excelent"
"2013-3-5",51,69,115,43,40,"Aotizhongxin",115,"Slightly Polluted"
"2013-3-6",62,74,157,42,13,"Aotizhongxin",157,"Lightly Polluted"
"2013-3-7",53,77,181,56,40,"Aotizhongxin",181,"Lightly Polluted"
"2013-3-8",36,57,153,51,40,"Aotizhongxin",153,"Lightly Polluted"
"2013-3-9",19,23,129,26,39,"Aotizhongxin",129,"Slightly Polluted"
"2013-4-1",9,20,79,33,49,"Aotizhongxin",79,"Good"
"2013-4-10",4,16,28,9,39,"Aotizhongxin",39,"Excelent"
"2013-4-11",6,33,57,13,43,"Aotizhongxin",57,"Good"
"2013-4-12",13,46,90,11,42,"Aotizhongxin",90,"Good"
"2013-4-13",15,27,91,13,40,"Aotizhongxin",91,"Good"
"2013-4-14",8,21,78,17,44,"Aotizhongxin",78,"Good"
"2013-4-15",28,37,114,24,47,"Aotizhongxin",114,"Slightly Polluted"
"2013-4-16",18,24,108,14,48,"Aotizhongxin",108,"Slightly Polluted"
"2013-4-17",11,26,68,11,39,"Aotizhongxin",68,"Good"
"2013-4-18",2,12,40,5,41,"Aotizhongxin",41,"Excelent"
"2013-4-19",11,28,66,13,34,"Aotizhongxin",66,"Good"
"2013-4-2",21,34,92,22,82,"Aotizhongxin",92,"Good"
"2013-4-20",6,28,65,9,55,"Aotizhongxin",65,"Good"
"2013-4-21",5,39,94,10,12,"Aotizhongxin",94,"Good"
"2013-4-22",29,39,121,17,23,"Aotizhongxin",121,"Slightly Polluted"
"2013-4-23",15,31,119,16,18,"Aotizhongxin",119,"Slightly Polluted"
"2013-4-24",8,20,81,18,44,"Aotizhongxin",81,"Good"
"2013-4-25",3,20,36,9,42,"Aotizhongxin",42,"Excelent"
"2013-4-26",18,39,97,17,98,"Aotizhongxin",98,"Good"
"2013-4-27",23,27,88,12,112,"Aotizhongxin",112,"Slightly Polluted"
"2013-4-28",30,30,82,25,49,"Aotizhongxin",82,"Good"
"2013-4-29",3,14,54,7,52,"Aotizhongxin",54,"Good"
"2013-4-3",28,44,125,32,65,"Aotizhongxin",125,"Slightly Polluted"
"2013-4-30",4,22,50,7,55,"Aotizhongxin",55,"Good"
"2013-4-4",35,42,79,30,19,"Aotizhongxin",79,"Good"
"2013-4-5",7,21,46,23,38,"Aotizhongxin",46,"Excelent"
"2013-4-6",4,14,21,7,42,"Aotizhongxin",42,"Excelent"
"2013-4-7",23,36,86,31,37,"Aotizhongxin",86,"Good"
"2013-4-8",4,11,85,7,39,"Aotizhongxin",85,"Good"
"2013-4-9",3,7,27,5,42,"Aotizhongxin",42,"Excelent"
"2013-5-1",9,26,96,6,28,"Aotizhongxin",96,"Good"
"2013-5-10",9,30,72,12,57,"Aotizhongxin",72,"Good"
"2013-5-11",11,35,90,10,55,"Aotizhongxin",90,"Good"
"2013-5-12",12,32,76,11,147,"Aotizhongxin",147,"Slightly Polluted"
"2013-5-13",38,44,114,31,156,"Aotizhongxin",156,"Lightly Polluted"
"2013-5-14",11,25,84,30,98,"Aotizhongxin",98,"Good"
"2013-5-15",35,33,104,33,209,"Aotizhongxin",209,"Moderately Polluted"
"2013-5-16",18,32,83,14,191,"Aotizhongxin",191,"Lightly Polluted"
"2013-5-17",18,27,92,20,152,"Aotizhongxin",152,"Lightly Polluted"
"2013-5-18",11,26,100,27,117,"Aotizhongxin",117,"Slightly Polluted"
"2013-5-19",6,13,109,9,46,"Aotizhongxin",109,"Slightly Polluted"
"2013-5-2",32,38,105,12,69,"Aotizhongxin",105,"Slightly Polluted"
"2013-5-20",9,29,77,5,71,"Aotizhongxin",77,"Good"
"2013-5-23",26,44,119,27,205,"Aotizhongxin",205,"Moderately Polluted"
"2013-5-24",11,38,112,30,129,"Aotizhongxin",129,"Slightly Polluted"
"2013-5-25",17,31,84,18,223,"Aotizhongxin",223,"Moderately Polluted"
"2013-5-26",7,28,82,29,22,"Aotizhongxin",82,"Good"
"2013-5-27",4,28,66,15,30,"Aotizhongxin",66,"Good"
"2013-5-28",2,35,67,15,21,"Aotizhongxin",67,"Good"
"2013-5-29",3,16,52,5,73,"Aotizhongxin",73,"Good"
"2013-5-3",15,15,61,15,129,"Aotizhongxin",129,"Slightly Polluted"
"2013-5-30",11,42,93,11,202,"Aotizhongxin",202,"Moderately Polluted"
"2013-5-31",17,27,102,13,209,"Aotizhongxin",209,"Moderately Polluted"
"2013-5-4",16,19,84,9,113,"Aotizhongxin",113,"Slightly Polluted"
"2013-5-5",26,36,144,21,200,"Aotizhongxin",200,"Lightly Polluted"
"2013-5-6",18,26,153,21,213,"Aotizhongxin",213,"Moderately Polluted"
"2013-5-7",28,43,138,18,215,"Aotizhongxin",215,"Moderately Polluted"
"2013-5-8",38,33,103,22,87,"Aotizhongxin",103,"Slightly Polluted"
"2013-5-9",12,31,57,9,35,"Aotizhongxin",57,"Good"
"2013-6-1",5,31,84,10,122,"Aotizhongxin",122,"Slightly Polluted"
"2013-6-10",3,35,34,9,53,"Aotizhongxin",53,"Good"
"2013-6-11",3,44,67,8,158,"Aotizhongxin",158,"Lightly Polluted"
"2013-6-12",8,35,59,14,202,"Aotizhongxin",202,"Moderately Polluted"
"2013-6-13",18,42,93,23,236,"Aotizhongxin",236,"Moderately Polluted"
"2013-6-14",18,40,103,13,231,"Aotizhongxin",231,"Moderately Polluted"
"2013-6-15",20,55,114,20,215,"Aotizhongxin",215,"Moderately Polluted"
"2013-6-16",20,46,116,29,48,"Aotizhongxin",116,"Slightly Polluted"
"2013-6-17",5,28,52,14,189,"Aotizhongxin",189,"Lightly Polluted"
"2013-6-18",8,46,73,10,165,"Aotizhongxin",165,"Lightly Polluted"
"2013-6-19",12,29,78,17,173,"Aotizhongxin",173,"Lightly Polluted"
"2013-6-2",8,34,115,27,105,"Aotizhongxin",115,"Slightly Polluted"
"2013-6-20",6,30,52,5,79,"Aotizhongxin",79,"Good"
"2013-6-28",13,37,243,34,79,"Aotizhongxin",243,"Moderately Polluted"
"2013-6-29",6,31,76,27,40,"Aotizhongxin",76,"Good"
"2013-6-3",8,40,101,17,243,"Aotizhongxin",243,"Moderately Polluted"
"2013-6-30",10,35,137,34,71,"Aotizhongxin",137,"Slightly Polluted"
"2013-6-4",7,44,106,23,100,"Aotizhongxin",106,"Slightly Polluted"
"2013-6-5",2,28,82,25,20,"Aotizhongxin",82,"Good"
"2013-6-6",2,29,91,30,14,"Aotizhongxin",91,"Good"
"2013-6-7",3,34,89,27,5,"Aotizhongxin",89,"Good"
"2013-6-8",4,41,122,32,5,"Aotizhongxin",122,"Slightly Polluted"
"2013-6-9",3,34,52,26,18,"Aotizhongxin",52,"Good"
"2013-7-1",10,37,96,28,14,"Aotizhongxin",96,"Good"
"2013-7-10",2,27,38,7,30,"Aotizhongxin",38,"Excelent"
"2013-7-11",2,28,43,8,31,"Aotizhongxin",43,"Excelent"
"2013-7-12",4,24,67,11,245,"Aotizhongxin",245,"Moderately Polluted"
"2013-7-13",5,24,81,20,188,"Aotizhongxin",188,"Lightly Polluted"
"2013-7-14",9,24,72,18,188,"Aotizhongxin",188,"Lightly Polluted"
"2013-7-15",2,26,30,21,20,"Aotizhongxin",30,"Excelent"
"2013-7-16",3,21,29,12,43,"Aotizhongxin",43,"Excelent"
"2013-7-17",7,30,64,10,205,"Aotizhongxin",205,"Moderately Polluted"
"2013-7-18",9,27,89,23,74,"Aotizhongxin",89,"Good"
"2013-7-19",6,25,85,11,206,"Aotizhongxin",206,"Moderately Polluted"
"2013-7-2",3,22,26,24,63,"Aotizhongxin",63,"Good"
"2013-7-20",4,25,72,12,188,"Aotizhongxin",188,"Lightly Polluted"
"2013-7-21",5,29,76,11,171,"Aotizhongxin",171,"Lightly Polluted"
"2013-7-22",9,31,87,15,172,"Aotizhongxin",172,"Lightly Polluted"
"2013-7-23",5,18,59,10,144,"Aotizhongxin",144,"Slightly Polluted"
"2013-7-24",5,25,56,9,96,"Aotizhongxin",96,"Good"
"2013-7-25",7,25,65,18,232,"Aotizhongxin",232,"Moderately Polluted"
"2013-7-26",15,33,63,24,17,"Aotizhongxin",63,"Good"
"2013-7-27",3,34,67,17,19,"Aotizhongxin",67,"Good"
"2013-7-28",4,27,49,28,204,"Aotizhongxin",204,"Moderately Polluted"
"2013-7-29",3,41,72,14,196,"Aotizhongxin",196,"Lightly Polluted"
"2013-7-3",5,36,63,9,146,"Aotizhongxin",146,"Slightly Polluted"
"2013-7-30",4,30,89,13,246,"Aotizhongxin",246,"Moderately Polluted"
"2013-7-31",4,24,60,9,218,"Aotizhongxin",218,"Moderately Polluted"
"2013-7-4",4,29,56,7,210,"Aotizhongxin",210,"Moderately Polluted"
"2013-7-5",3,23,44,7,171,"Aotizhongxin",171,"Lightly Polluted"
"2013-7-6",7,30,90,13,211,"Aotizhongxin",211,"Moderately Polluted"
"2013-7-7",5,22,80,15,215,"Aotizhongxin",215,"Moderately Polluted"
"2013-7-8",3,28,68,12,130,"Aotizhongxin",130,"Slightly Polluted"
"2013-7-9",4,31,61,13,32,"Aotizhongxin",61,"Good"
"2013-8-1",2,32,34,11,36,"Aotizhongxin",36,"Excelent"
"2013-8-10",5,22,92,14,259,"Aotizhongxin",259,"Heavily Polluted"
"2013-8-11",3,25,106,23,153,"Aotizhongxin",153,"Lightly Polluted"
"2013-8-12",2,24,50,8,118,"Aotizhongxin",118,"Slightly Polluted"
"2013-8-13",4,27,69,11,180,"Aotizhongxin",180,"Lightly Polluted"
"2013-8-14",3,38,69,10,220,"Aotizhongxin",220,"Moderately Polluted"
"2013-8-15",5,31,93,18,206,"Aotizhongxin",206,"Moderately Polluted"
"2013-8-16",4,33,99,33,101,"Aotizhongxin",101,"Slightly Polluted"
"2013-8-17",6,24,57,17,65,"Aotizhongxin",65,"Good"
"2013-8-18",3,20,33,9,127,"Aotizhongxin",127,"Slightly Polluted"
"2013-8-19",3,31,47,9,127,"Aotizhongxin",127,"Slightly Polluted"
"2013-8-2",4,30,60,12,219,"Aotizhongxin",219,"Moderately Polluted"
"2013-8-20",8,34,96,20,172,"Aotizhongxin",172,"Lightly Polluted"
"2013-8-21",5,28,67,14,142,"Aotizhongxin",142,"Slightly Polluted"
"2013-8-22",3,52,98,16,29,"Aotizhongxin",98,"Good"
"2013-8-23",4,35,66,15,89,"Aotizhongxin",89,"Good"
"2013-8-24",4,37,63,11,120,"Aotizhongxin",120,"Slightly Polluted"
"2013-8-25",4,34,68,10,223,"Aotizhongxin",223,"Moderately Polluted"
"2013-8-26",7,32,76,23,208,"Aotizhongxin",208,"Moderately Polluted"
"2013-8-27",6,33,67,20,34,"Aotizhongxin",67,"Good"
"2013-8-28",3,28,42,33,26,"Aotizhongxin",42,"Excelent"
"2013-8-29",2,13,25,4,31,"Aotizhongxin",31,"Excelent"
"2013-8-3",2,27,48,5,159,"Aotizhongxin",159,"Lightly Polluted"
"2013-8-30",1,16,23,6,35,"Aotizhongxin",35,"Excelent"
"2013-8-31",3,22,44,6,66,"Aotizhongxin",66,"Good"
"2013-8-4",2,19,61,9,87,"Aotizhongxin",87,"Good"
"2013-8-5",2,25,44,7,269,"Aotizhongxin",269,"Heavily Polluted"
"2013-8-6",3,28,111,13,217,"Aotizhongxin",217,"Moderately Polluted"
"2013-8-7",3,22,23,7,35,"Aotizhongxin",35,"Excelent"
"2013-8-8",4,31,54,8,207,"Aotizhongxin",207,"Moderately Polluted"
"2013-8-9",5,26,59,7,232,"Aotizhongxin",232,"Moderately Polluted"
"2013-9-1",6,25,68,14,165,"Aotizhongxin",165,"Lightly Polluted"
"2013-9-10",6,28,65,13,38,"Aotizhongxin",65,"Good"
"2013-9-11",9,32,76,14,152,"Aotizhongxin",152,"Lightly Polluted"
"2013-9-12",14,57,122,23,100,"Aotizhongxin",122,"Slightly Polluted"
"2013-9-13",2,33,74,19,29,"Aotizhongxin",74,"Good"
"2013-9-14",3,26,54,16,41,"Aotizhongxin",54,"Good"
"2013-9-15",6,28,55,8,39,"Aotizhongxin",55,"Good"
"2013-9-16",10,33,75,14,43,"Aotizhongxin",75,"Good"
"2013-9-17",9,38,83,26,0,"Aotizhongxin",83,"Good"
"2013-9-18",10,31,74,36,31,"Aotizhongxin",74,"Good"
"2013-9-19",10,28,75,23,76,"Aotizhongxin",76,"Good"
"2013-9-2",6,26,61,15,161,"Aotizhongxin",161,"Lightly Polluted"
"2013-9-20",3,27,60,17,39,"Aotizhongxin",60,"Good"
"2013-9-21",5,27,61,12,140,"Aotizhongxin",140,"Slightly Polluted"
"2013-9-22",6,44,88,30,12,"Aotizhongxin",88,"Good"
"2013-9-23",5,20,53,33,17,"Aotizhongxin",53,"Good"
"2013-9-24",4,20,23,8,31,"Aotizhongxin",31,"Excelent"
"2013-9-25",3,25,39,7,37,"Aotizhongxin",39,"Excelent"
"2013-9-26",9,37,70,17,65,"Aotizhongxin",70,"Good"
"2013-9-27",19,52,128,23,204,"Aotizhongxin",204,"Moderately Polluted"
"2013-9-28",12,41,152,19,115,"Aotizhongxin",152,"Lightly Polluted"
"2013-9-29",10,49,139,19,29,"Aotizhongxin",139,"Slightly Polluted"
"2013-9-3",6,28,89,17,193,"Aotizhongxin",193,"Lightly Polluted"
"2013-9-30",16,46,105,21,30,"Aotizhongxin",105,"Slightly Polluted"
"2013-9-4",3,26,56,12,40,"Aotizhongxin",56,"Good"
"2013-9-5",3,19,23,13,47,"Aotizhongxin",47,"Excelent"
"2013-9-6",8,27,57,23,106,"Aotizhongxin",106,"Slightly Polluted"
"2013-9-7",6,32,67,25,87,"Aotizhongxin",87,"Good"
"2013-9-8",11,33,82,30,50,"Aotizhongxin",82,"Good"
"2013-9-9",6,27,63,17,89,"Aotizhongxin",89,"Good"
"2014-1-1",15,35,109,31,29,"Aotizhongxin",109,"Slightly Polluted"
"2014-1-10",32,38,67,25,9,"Aotizhongxin",67,"Good"
"2014-1-11",42,50,100,58,2,"Aotizhongxin",100,"Good"
"2014-1-12",13,18,38,12,28,"Aotizhongxin",38,"Excelent"
"2014-1-13",40,41,78,33,8,"Aotizhongxin",78,"Good"
"2014-1-14",45,40,74,45,12,"Aotizhongxin",74,"Good"
"2014-1-15",48,49,115,56,10,"Aotizhongxin",115,"Slightly Polluted"
"2014-1-16",70,69,261,76,9,"Aotizhongxin",261,"Heavily Polluted"
"2014-1-17",35,33,91,46,29,"Aotizhongxin",91,"Good"
"2014-1-18",25,35,66,29,19,"Aotizhongxin",66,"Good"
"2014-1-19",42,36,126,40,28,"Aotizhongxin",126,"Slightly Polluted"
"2014-1-2",49,47,119,49,2,"Aotizhongxin",119,"Slightly Polluted"
"2014-1-20",5,4,37,5,26,"Aotizhongxin",37,"Excelent"
"2014-1-21",21,24,59,21,21,"Aotizhongxin",59,"Good"
"2014-1-22",44,47,95,39,8,"Aotizhongxin",95,"Good"
"2014-1-23",71,66,150,56,1,"Aotizhongxin",150,"Slightly Polluted"
"2014-1-24",49,46,105,56,9,"Aotizhongxin",105,"Slightly Polluted"
"2014-1-25",14,18,37,18,35,"Aotizhongxin",37,"Excelent"
"2014-1-26",24,19,59,22,27,"Aotizhongxin",59,"Good"
"2014-1-27",36,31,81,27,28,"Aotizhongxin",81,"Good"
"2014-1-28",13,21,58,17,32,"Aotizhongxin",58,"Good"
"2014-1-29",43,40,92,37,5,"Aotizhongxin",92,"Good"
"2014-1-3",18,24,80,47,30,"Aotizhongxin",80,"Good"
"2014-1-30",22,21,63,34,33,"Aotizhongxin",63,"Good"
"2014-1-31",37,25,104,19,21,"Aotizhongxin",104,"Slightly Polluted"
"2014-1-4",30,39,102,35,1,"Aotizhongxin",102,"Slightly Polluted"
"2014-1-5",23,35,81,37,25,"Aotizhongxin",81,"Good"
"2014-1-6",33,34,89,38,5,"Aotizhongxin",89,"Good"
"2014-1-7",24,31,73,35,20,"Aotizhongxin",73,"Good"
"2014-1-8",9,10,15,10,23,"Aotizhongxin",23,"Excelent"
"2014-1-9",13,20,40,15,27,"Aotizhongxin",40,"Excelent"
"2014-10-1",4,32,75,13,5,"Aotizhongxin",75,"Good"
"2014-10-10",14,50,184,21,93,"Aotizhongxin",184,"Lightly Polluted"
"2014-10-13",3,25,18,8,24,"Aotizhongxin",25,"Excelent"
"2014-10-14",4,35,69,10,34,"Aotizhongxin",69,"Good"
"2014-10-15",3,27,77,10,30,"Aotizhongxin",77,"Good"
"2014-10-16",6,31,83,10,38,"Aotizhongxin",83,"Good"
"2014-10-17",8,68,127,37,26,"Aotizhongxin",127,"Slightly Polluted"
"2014-10-18",11,87,165,45,50,"Aotizhongxin",165,"Lightly Polluted"
"2014-10-19",8,83,202,42,43,"Aotizhongxin",202,"Moderately Polluted"
"2014-10-2",4,28,54,16,21,"Aotizhongxin",54,"Good"
"2014-10-20",4,45,129,21,35,"Aotizhongxin",129,"Slightly Polluted"
"2014-10-21",12,36,47,25,12,"Aotizhongxin",47,"Excelent"
"2014-10-22",8,49,114,22,2,"Aotizhongxin",114,"Slightly Polluted"
"2014-10-23",8,57,126,28,14,"Aotizhongxin",126,"Slightly Polluted"
"2014-10-24",7,65,168,34,29,"Aotizhongxin",168,"Lightly Polluted"
"2014-10-25",4,61,192,37,82,"Aotizhongxin",192,"Lightly Polluted"
"2014-10-26",2,26,65,30,29,"Aotizhongxin",65,"Good"
"2014-10-27",4,30,47,14,23,"Aotizhongxin",47,"Excelent"
"2014-10-28",7,39,82,16,24,"Aotizhongxin",82,"Good"
"2014-10-29",7,58,113,29,12,"Aotizhongxin",113,"Slightly Polluted"
"2014-10-3",4,33,79,30,8,"Aotizhongxin",79,"Good"
"2014-10-30",10,61,122,26,26,"Aotizhongxin",122,"Slightly Polluted"
"2014-10-31",7,57,105,30,10,"Aotizhongxin",105,"Slightly Polluted"
"2014-10-4",1,24,65,28,32,"Aotizhongxin",65,"Good"
"2014-10-5",1,23,31,11,34,"Aotizhongxin",34,"Excelent"
"2014-10-6",2,29,51,8,40,"Aotizhongxin",51,"Good"
"2014-10-7",6,52,117,21,36,"Aotizhongxin",117,"Slightly Polluted"
"2014-10-8",5,67,167,31,27,"Aotizhongxin",167,"Lightly Polluted"
"2014-10-9",4,56,194,26,43,"Aotizhongxin",194,"Lightly Polluted"
"2014-11-1",4,30,56,33,26,"Aotizhongxin",56,"Good"
"2014-11-10",4,43,64,19,19,"Aotizhongxin",64,"Good"
"2014-11-11",4,18,58,24,28,"Aotizhongxin",58,"Good"
"2014-11-12",3,5,34,5,32,"Aotizhongxin",34,"Excelent"
"2014-11-13",3,28,39,16,26,"Aotizhongxin",39,"Excelent"
"2014-11-14",8,34,55,16,22,"Aotizhongxin",55,"Good"
"2014-11-15",23,59,111,39,1,"Aotizhongxin",111,"Slightly Polluted"
"2014-11-16",12,37,74,41,24,"Aotizhongxin",74,"Good"
"2014-11-17",7,24,32,13,28,"Aotizhongxin",32,"Excelent"
"2014-11-18",14,45,73,25,6,"Aotizhongxin",73,"Good"
"2014-11-19",27,85,183,58,1,"Aotizhongxin",183,"Lightly Polluted"
"2014-11-2",3,14,17,5,28,"Aotizhongxin",28,"Excelent"
"2014-11-20",19,87,257,63,1,"Aotizhongxin",257,"Heavily Polluted"
"2014-11-21",11,61,144,52,23,"Aotizhongxin",144,"Slightly Polluted"
"2014-11-22",8,34,55,26,19,"Aotizhongxin",55,"Good"
"2014-11-23",12,55,113,32,1,"Aotizhongxin",113,"Slightly Polluted"
"2014-11-24",6,43,79,47,17,"Aotizhongxin",79,"Good"
"2014-11-25",17,53,123,37,13,"Aotizhongxin",123,"Slightly Polluted"
"2014-11-26",22,76,179,51,1,"Aotizhongxin",179,"Lightly Polluted"
"2014-11-27",5,33,79,54,19,"Aotizhongxin",79,"Good"
"2014-11-28",12,45,100,28,14,"Aotizhongxin",100,"Good"
"2014-11-29",13,56,189,47,1,"Aotizhongxin",189,"Lightly Polluted"
"2014-11-3",2,30,42,18,36,"Aotizhongxin",42,"Excelent"
"2014-11-30",7,23,142,35,26,"Aotizhongxin",142,"Slightly Polluted"
"2014-11-4",10,46,101,30,22,"Aotizhongxin",101,"Slightly Polluted"
"2014-11-5",6,26,62,30,31,"Aotizhongxin",62,"Good"
"2014-11-6",2,13,19,10,30,"Aotizhongxin",30,"Excelent"
"2014-11-7",7,30,57,17,13,"Aotizhongxin",57,"Good"
"2014-11-8",7,36,64,23,31,"Aotizhongxin",64,"Good"
"2014-11-9",3,36,56,18,33,"Aotizhongxin",56,"Good"
"2014-12-1",5,9,62,7,23,"Aotizhongxin",62,"Good"
"2014-12-10",19,33,137,57,30,"Aotizhongxin",137,"Slightly Polluted"
"2014-12-11",9,18,37,12,27,"Aotizhongxin",37,"Excelent"
"2014-12-12",5,9,39,7,25,"Aotizhongxin",39,"Excelent"
"2014-12-13",13,27,82,22,19,"Aotizhongxin",82,"Good"
"2014-12-14",29,43,92,43,9,"Aotizhongxin",92,"Good"
"2014-12-15",17,27,98,57,27,"Aotizhongxin",98,"Good"
"2014-12-16",3,9,29,4,24,"Aotizhongxin",29,"Excelent"
"2014-12-17",14,20,58,17,25,"Aotizhongxin",58,"Good"
"2014-12-2",10,28,49,22,15,"Aotizhongxin",49,"Excelent"
"2014-12-3",7,14,55,36,30,"Aotizhongxin",55,"Good"
"2014-12-31",6,10,45,5,24,"Aotizhongxin",45,"Excelent"
"2014-12-4",4,9,26,6,29,"Aotizhongxin",29,"Excelent"
"2014-12-5",11,24,45,24,28,"Aotizhongxin",45,"Excelent"
"2014-12-6",20,38,68,43,17,"Aotizhongxin",68,"Good"
"2014-12-7",17,28,59,30,24,"Aotizhongxin",59,"Good"
"2014-12-8",17,35,68,31,16,"Aotizhongxin",68,"Good"
"2014-12-9",38,67,185,66,1,"Aotizhongxin",185,"Lightly Polluted"
"2014-2-1",31,30,87,22,3,"Aotizhongxin",87,"Good"
"2014-2-10",10,17,18,11,28,"Aotizhongxin",28,"Excelent"
"2014-2-11",35,37,72,26,16,"Aotizhongxin",72,"Good"
"2014-2-12",28,39,74,45,15,"Aotizhongxin",74,"Good"
"2014-2-13",44,43,111,42,4,"Aotizhongxin",111,"Slightly Polluted"
"2014-2-14",45,52,159,44,10,"Aotizhongxin",159,"Lightly Polluted"
"2014-2-15",58,60,269,59,9,"Aotizhongxin",269,"Heavily Polluted"
"2014-2-16",48,45,156,56,32,"Aotizhongxin",156,"Lightly Polluted"
"2014-2-17",37,33,65,29,28,"Aotizhongxin",65,"Good"
"2014-2-18",18,29,61,20,25,"Aotizhongxin",61,"Good"
"2014-2-19",20,27,60,23,34,"Aotizhongxin",60,"Good"
"2014-2-2",9,13,67,29,35,"Aotizhongxin",67,"Good"
"2014-2-20",22,41,138,28,9,"Aotizhongxin",138,"Slightly Polluted"
"2014-2-21",42,50,158,34,11,"Aotizhongxin",158,"Lightly Polluted"
"2014-2-22",59,53,175,45,9,"Aotizhongxin",175,"Lightly Polluted"
"2014-2-23",70,43,139,47,6,"Aotizhongxin",139,"Slightly Polluted"
"2014-2-24",74,59,174,50,10,"Aotizhongxin",174,"Lightly Polluted"
"2014-2-25",45,63,256,70,6,"Aotizhongxin",256,"Heavily Polluted"
"2014-2-26",51,51,162,56,16,"Aotizhongxin",162,"Lightly Polluted"
"2014-2-27",6,12,10,13,37,"Aotizhongxin",37,"Excelent"
"2014-2-28",18,37,74,26,25,"Aotizhongxin",74,"Good"
"2014-2-3",3,4,28,4,35,"Aotizhongxin",35,"Excelent"
"2014-2-4",10,11,34,11,32,"Aotizhongxin",34,"Excelent"
"2014-2-5",31,23,72,31,22,"Aotizhongxin",72,"Good"
"2014-2-6",38,32,82,35,18,"Aotizhongxin",82,"Good"
"2014-2-7",18,27,53,16,16,"Aotizhongxin",53,"Good"
"2014-2-8",12,17,39,23,32,"Aotizhongxin",39,"Excelent"
"2014-2-9",9,8,9,6,32,"Aotizhongxin",32,"Excelent"
"2014-3-1",15,19,47,13,39,"Aotizhongxin",47,"Excelent"
"2014-3-10",29,38,74,27,18,"Aotizhongxin",74,"Good"
"2014-3-11",47,44,121,40,45,"Aotizhongxin",121,"Slightly Polluted"
"2014-3-12",5,11,19,13,41,"Aotizhongxin",41,"Excelent"
"2014-3-13",8,21,66,11,37,"Aotizhongxin",66,"Good"
"2014-3-14",7,16,67,8,40,"Aotizhongxin",67,"Good"
"2014-3-15",26,50,123,24,32,"Aotizhongxin",123,"Slightly Polluted"
"2014-3-16",42,36,129,37,50,"Aotizhongxin",129,"Slightly Polluted"
"2014-3-17",15,28,151,26,38,"Aotizhongxin",151,"Lightly Polluted"
"2014-3-18",8,22,91,11,47,"Aotizhongxin",91,"Good"
"2014-3-19",9,27,80,16,37,"Aotizhongxin",80,"Good"
"2014-3-2",38,46,106,33,19,"Aotizhongxin",106,"Slightly Polluted"
"2014-3-20",3,12,28,6,43,"Aotizhongxin",43,"Excelent"
"2014-3-21",7,26,63,15,47,"Aotizhongxin",63,"Good"
"2014-3-22",10,34,98,19,49,"Aotizhongxin",98,"Good"
"2014-3-23",23,44,116,22,125,"Aotizhongxin",125,"Slightly Polluted"
"2014-3-24",30,59,157,28,89,"Aotizhongxin",157,"Lightly Polluted"
"2014-3-25",25,58,150,25,159,"Aotizhongxin",159,"Lightly Polluted"
"2014-3-26",28,64,196,29,163,"Aotizhongxin",196,"Lightly Polluted"
"2014-3-27",22,55,174,58,5,"Aotizhongxin",174,"Lightly Polluted"
"2014-3-28",14,34,105,28,48,"Aotizhongxin",105,"Slightly Polluted"
"2014-3-29",5,19,56,30,53,"Aotizhongxin",56,"Good"
"2014-3-3",61,49,150,64,1,"Aotizhongxin",150,"Slightly Polluted"
"2014-3-30",6,35,70,9,50,"Aotizhongxin",70,"Good"
"2014-3-31",19,45,120,34,53,"Aotizhongxin",120,"Slightly Polluted"
"2014-3-4",16,20,58,47,37,"Aotizhongxin",58,"Good"
"2014-3-5",8,23,33,11,34,"Aotizhongxin",34,"Excelent"
"2014-3-6",7,15,24,9,39,"Aotizhongxin",39,"Excelent"
"2014-3-7",14,29,62,17,34,"Aotizhongxin",62,"Good"
"2014-3-8",40,49,110,31,20,"Aotizhongxin",110,"Slightly Polluted"
"2014-3-9",24,38,82,22,38,"Aotizhongxin",82,"Good"
"2014-4-1",11,38,83,14,89,"Aotizhongxin",89,"Good"
"2014-4-10",18,29,253,20,32,"Aotizhongxin",253,"Heavily Polluted"
"2014-4-11",12,36,81,17,45,"Aotizhongxin",81,"Good"
"2014-4-12",16,44,99,19,85,"Aotizhongxin",99,"Good"
"2014-4-13",16,44,131,16,189,"Aotizhongxin",189,"Lightly Polluted"
"2014-4-14",20,45,157,24,196,"Aotizhongxin",196,"Lightly Polluted"
"2014-4-15",10,30,96,13,52,"Aotizhongxin",96,"Good"
"2014-4-16",8,41,86,12,34,"Aotizhongxin",86,"Good"
"2014-4-17",14,41,103,15,53,"Aotizhongxin",103,"Slightly Polluted"
"2014-4-18",10,37,101,22,92,"Aotizhongxin",101,"Slightly Polluted"
"2014-4-19",9,42,79,13,38,"Aotizhongxin",79,"Good"
"2014-4-2",15,34,106,15,135,"Aotizhongxin",135,"Slightly Polluted"
"2014-4-20",5,36,74,12,58,"Aotizhongxin",74,"Good"
"2014-4-21",5,35,82,9,50,"Aotizhongxin",82,"Good"
"2014-4-22",6,37,95,8,125,"Aotizhongxin",125,"Slightly Polluted"
"2014-4-23",15,24,120,20,139,"Aotizhongxin",139,"Slightly Polluted"
"2014-4-24",11,24,96,11,127,"Aotizhongxin",127,"Slightly Polluted"
"2014-4-25",11,47,131,17,195,"Aotizhongxin",195,"Lightly Polluted"
"2014-4-26",1,13,71,4,42,"Aotizhongxin",71,"Good"
"2014-4-29",13,30,98,11,177,"Aotizhongxin",177,"Lightly Polluted"
"2014-4-3",4,22,73,7,48,"Aotizhongxin",73,"Good"
"2014-4-30",12,39,112,12,190,"Aotizhongxin",190,"Lightly Polluted"
"2014-4-4",5,23,95,12,48,"Aotizhongxin",95,"Good"
"2014-4-5",4,20,74,6,46,"Aotizhongxin",74,"Good"
"2014-4-6",7,33,113,10,57,"Aotizhongxin",113,"Slightly Polluted"
"2014-4-7",12,42,126,13,158,"Aotizhongxin",158,"Lightly Polluted"
"2014-4-8",23,49,153,21,185,"Aotizhongxin",185,"Lightly Polluted"
"2014-4-9",12,31,150,20,52,"Aotizhongxin",150,"Slightly Polluted"
"2014-5-1",11,27,122,10,189,"Aotizhongxin",189,"Lightly Polluted"
"2014-5-10",17,28,72,15,48,"Aotizhongxin",72,"Good"
"2014-5-11",2,16,26,13,50,"Aotizhongxin",50,"Excelent"
"2014-5-12",4,27,65,11,115,"Aotizhongxin",115,"Slightly Polluted"
"2014-5-13",6,30,88,12,79,"Aotizhongxin",88,"Good"
"2014-5-14",3,16,62,5,43,"Aotizhongxin",62,"Good"
"2014-5-15",5,35,138,11,68,"Aotizhongxin",138,"Slightly Polluted"
"2014-5-16",6,30,99,13,98,"Aotizhongxin",99,"Good"
"2014-5-17",14,36,99,16,203,"Aotizhongxin",203,"Moderately Polluted"
"2014-5-18",15,32,130,11,222,"Aotizhongxin",222,"Moderately Polluted"
"2014-5-19",9,29,114,17,217,"Aotizhongxin",217,"Moderately Polluted"
"2014-5-2",1,11,53,7,48,"Aotizhongxin",53,"Good"
"2014-5-20",6,25,107,23,158,"Aotizhongxin",158,"Lightly Polluted"
"2014-5-21",14,32,121,19,230,"Aotizhongxin",230,"Moderately Polluted"
"2014-5-22",10,38,147,24,227,"Aotizhongxin",227,"Moderately Polluted"
"2014-5-23",11,28,107,10,206,"Aotizhongxin",206,"Moderately Polluted"
"2014-5-24",4,26,84,13,43,"Aotizhongxin",84,"Good"
"2014-5-25",1,15,92,13,48,"Aotizhongxin",92,"Good"
"2014-5-26",2,33,66,9,122,"Aotizhongxin",122,"Slightly Polluted"
"2014-5-27",2,25,80,7,60,"Aotizhongxin",80,"Good"
"2014-5-28",5,37,34,9,186,"Aotizhongxin",186,"Lightly Polluted"
"2014-5-29",7,49,51,15,210,"Aotizhongxin",210,"Moderately Polluted"
"2014-5-3",4,23,119,9,53,"Aotizhongxin",119,"Slightly Polluted"
"2014-5-30",20,39,99,25,271,"Aotizhongxin",271,"Heavily Polluted"
"2014-5-31",27,38,147,33,238,"Aotizhongxin",238,"Moderately Polluted"
"2014-5-4",1,9,52,7,42,"Aotizhongxin",52,"Good"
"2014-5-5",2,22,53,9,50,"Aotizhongxin",53,"Good"
"2014-5-6",17,33,93,15,69,"Aotizhongxin",93,"Good"
"2014-5-7",8,27,88,27,53,"Aotizhongxin",88,"Good"
"2014-5-8",10,30,94,15,146,"Aotizhongxin",146,"Slightly Polluted"
"2014-5-9",19,29,83,24,84,"Aotizhongxin",84,"Good"
"2014-6-1",2,16,54,10,162,"Aotizhongxin",162,"Lightly Polluted"
"2014-6-10",4,28,61,17,137,"Aotizhongxin",137,"Slightly Polluted"
"2014-6-11",2,20,42,18,92,"Aotizhongxin",92,"Good"
"2014-6-12",4,29,28,9,125,"Aotizhongxin",125,"Slightly Polluted"
"2014-6-13",4,29,53,14,200,"Aotizhongxin",200,"Lightly Polluted"
"2014-6-14",2,23,39,10,236,"Aotizhongxin",236,"Moderately Polluted"
"2014-6-15",6,36,80,22,233,"Aotizhongxin",233,"Moderately Polluted"
"2014-6-16",2,25,91,10,212,"Aotizhongxin",212,"Moderately Polluted"
"2014-6-17",1,22,65,18,171,"Aotizhongxin",171,"Lightly Polluted"
"2014-6-18",1,22,54,9,208,"Aotizhongxin",208,"Moderately Polluted"
"2014-6-19",2,31,86,24,115,"Aotizhongxin",115,"Slightly Polluted"
"2014-6-2",1,19,42,8,130,"Aotizhongxin",130,"Slightly Polluted"
"2014-6-20",1,16,41,16,115,"Aotizhongxin",115,"Slightly Polluted"
"2014-6-21",2,21,57,13,140,"Aotizhongxin",140,"Slightly Polluted"
"2014-6-22",1,21,30,7,147,"Aotizhongxin",147,"Slightly Polluted"
"2014-6-23",1,23,25,8,199,"Aotizhongxin",199,"Lightly Polluted"
"2014-6-24",3,34,55,10,212,"Aotizhongxin",212,"Moderately Polluted"
"2014-6-25",6,31,74,15,135,"Aotizhongxin",135,"Slightly Polluted"
"2014-6-26",4,21,85,16,232,"Aotizhongxin",232,"Moderately Polluted"
"2014-6-27",3,21,21,10,63,"Aotizhongxin",63,"Good"
"2014-6-28",5,29,23,16,90,"Aotizhongxin",90,"Good"
"2014-6-29",7,29,43,24,215,"Aotizhongxin",215,"Moderately Polluted"
"2014-6-3",4,30,49,10,194,"Aotizhongxin",194,"Lightly Polluted"
"2014-6-30",9,33,62,18,255,"Aotizhongxin",255,"Heavily Polluted"
"2014-6-4",5,36,52,11,198,"Aotizhongxin",198,"Lightly Polluted"
"2014-6-5",6,30,57,12,227,"Aotizhongxin",227,"Moderately Polluted"
"2014-6-6",5,27,52,27,74,"Aotizhongxin",74,"Good"
"2014-6-7",1,17,12,8,48,"Aotizhongxin",48,"Excelent"
"2014-6-8",4,33,28,16,137,"Aotizhongxin",137,"Slightly Polluted"
"2014-6-9",3,25,29,9,165,"Aotizhongxin",165,"Lightly Polluted"
"2014-7-1",8,28,78,15,214,"Aotizhongxin",214,"Moderately Polluted"
"2014-7-10",4,24,29,8,221,"Aotizhongxin",221,"Moderately Polluted"
"2014-7-11",2,26,29,7,101,"Aotizhongxin",101,"Slightly Polluted"
"2014-7-12",2,20,15,7,98,"Aotizhongxin",98,"Good"
"2014-7-13",2,28,19,8,92,"Aotizhongxin",92,"Good"
"2014-7-14",2,25,26,7,214,"Aotizhongxin",214,"Moderately Polluted"
"2014-7-15",2,19,47,6,199,"Aotizhongxin",199,"Lightly Polluted"
"2014-7-16",1,29,79,16,207,"Aotizhongxin",207,"Moderately Polluted"
"2014-7-17",1,28,90,28,90,"Aotizhongxin",90,"Good"
"2014-7-18",2,23,89,30,221,"Aotizhongxin",221,"Moderately Polluted"
"2014-7-19",1,22,57,6,151,"Aotizhongxin",151,"Lightly Polluted"
"2014-7-2",1,21,55,13,76,"Aotizhongxin",76,"Good"
"2014-7-20",1,16,55,9,173,"Aotizhongxin",173,"Lightly Polluted"
"2014-7-21",3,14,24,6,63,"Aotizhongxin",63,"Good"
"2014-7-22",3,23,13,9,26,"Aotizhongxin",26,"Excelent"
"2014-7-23",3,40,27,9,101,"Aotizhongxin",101,"Slightly Polluted"
"2014-7-24",2,42,59,17,79,"Aotizhongxin",79,"Good"
"2014-7-25",3,27,60,21,194,"Aotizhongxin",194,"Lightly Polluted"
"2014-7-26",4,25,74,13,234,"Aotizhongxin",234,"Moderately Polluted"
"2014-7-27",7,22,78,15,226,"Aotizhongxin",226,"Moderately Polluted"
"2014-7-28",4,18,85,11,209,"Aotizhongxin",209,"Moderately Polluted"
"2014-7-29",2,15,82,8,177,"Aotizhongxin",177,"Lightly Polluted"
"2014-7-3",1,27,126,15,203,"Aotizhongxin",203,"Moderately Polluted"
"2014-7-30",1,17,89,20,106,"Aotizhongxin",106,"Slightly Polluted"
"2014-7-31",1,20,128,18,208,"Aotizhongxin",208,"Moderately Polluted"
"2014-7-4",1,27,122,18,225,"Aotizhongxin",225,"Moderately Polluted"
"2014-7-5",1,25,84,17,195,"Aotizhongxin",195,"Lightly Polluted"
"2014-7-6",1,23,128,17,200,"Aotizhongxin",200,"Lightly Polluted"
"2014-7-7",1,26,105,14,191,"Aotizhongxin",191,"Lightly Polluted"
"2014-7-8",2,26,72,16,53,"Aotizhongxin",72,"Good"
"2014-7-9",3,32,27,11,100,"Aotizhongxin",100,"Good"
"2014-8-1",1,22,103,22,206,"Aotizhongxin",206,"Moderately Polluted"
"2014-8-10",1,21,34,9,189,"Aotizhongxin",189,"Lightly Polluted"
"2014-8-11",2,23,22,8,89,"Aotizhongxin",89,"Good"
"2014-8-12",2,27,25,8,204,"Aotizhongxin",204,"Moderately Polluted"
"2014-8-13",1,23,26,7,47,"Aotizhongxin",47,"Excelent"
"2014-8-14",2,26,29,7,207,"Aotizhongxin",207,"Moderately Polluted"
"2014-8-15",2,31,41,9,217,"Aotizhongxin",217,"Moderately Polluted"
"2014-8-16",2,34,53,12,223,"Aotizhongxin",223,"Moderately Polluted"
"2014-8-17",3,20,58,13,180,"Aotizhongxin",180,"Lightly Polluted"
"2014-8-18",2,25,70,11,205,"Aotizhongxin",205,"Moderately Polluted"
"2014-8-19",2,26,88,13,208,"Aotizhongxin",208,"Moderately Polluted"
"2014-8-2",1,26,83,10,233,"Aotizhongxin",233,"Moderately Polluted"
"2014-8-20",4,26,99,13,220,"Aotizhongxin",220,"Moderately Polluted"
"2014-8-21",2,33,109,16,231,"Aotizhongxin",231,"Moderately Polluted"
"2014-8-22",1,40,65,14,37,"Aotizhongxin",65,"Good"
"2014-8-23",2,38,99,14,222,"Aotizhongxin",222,"Moderately Polluted"
"2014-8-24",3,18,39,7,49,"Aotizhongxin",49,"Excelent"
"2014-8-25",2,25,40,12,50,"Aotizhongxin",50,"Excelent"
"2014-8-26",3,47,75,16,120,"Aotizhongxin",120,"Slightly Polluted"
"2014-8-27",4,45,89,11,170,"Aotizhongxin",170,"Lightly Polluted"
"2014-8-28",2,40,99,14,82,"Aotizhongxin",99,"Good"
"2014-8-29",1,23,68,13,149,"Aotizhongxin",149,"Slightly Polluted"
"2014-8-3",1,24,82,11,212,"Aotizhongxin",212,"Moderately Polluted"
"2014-8-30",1,40,101,24,50,"Aotizhongxin",101,"Slightly Polluted"
"2014-8-31",1,19,59,14,120,"Aotizhongxin",120,"Slightly Polluted"
"2014-8-4",1,26,36,9,25,"Aotizhongxin",36,"Excelent"
"2014-8-5",2,22,24,6,165,"Aotizhongxin",165,"Lightly Polluted"
"2014-8-6",2,30,34,8,77,"Aotizhongxin",77,"Good"
"2014-8-7",4,31,62,17,211,"Aotizhongxin",211,"Moderately Polluted"
"2014-8-8",3,27,57,15,210,"Aotizhongxin",210,"Moderately Polluted"
"2014-8-9",4,25,66,15,204,"Aotizhongxin",204,"Moderately Polluted"
"2014-9-1",1,34,77,29,39,"Aotizhongxin",77,"Good"
"2014-9-10",5,42,94,15,157,"Aotizhongxin",157,"Lightly Polluted"
"2014-9-11",4,43,99,20,74,"Aotizhongxin",99,"Good"
"2014-9-12",2,36,66,13,41,"Aotizhongxin",66,"Good"
"2014-9-13",5,32,81,16,129,"Aotizhongxin",129,"Slightly Polluted"
"2014-9-14",2,30,68,8,35,"Aotizhongxin",68,"Good"
"2014-9-15",3,21,50,8,48,"Aotizhongxin",50,"Excelent"
"2014-9-16",3,42,79,9,13,"Aotizhongxin",79,"Good"
"2014-9-17",2,34,65,8,26,"Aotizhongxin",65,"Good"
"2014-9-18",2,35,68,7,100,"Aotizhongxin",100,"Good"
"2014-9-19",4,42,95,15,74,"Aotizhongxin",95,"Good"
"2014-9-2",2,20,24,16,34,"Aotizhongxin",34,"Excelent"
"2014-9-20",3,36,96,17,154,"Aotizhongxin",154,"Lightly Polluted"
"2014-9-21",6,33,85,23,74,"Aotizhongxin",85,"Good"
"2014-9-22",3,39,84,34,14,"Aotizhongxin",84,"Good"
"2014-9-23",1,27,46,20,15,"Aotizhongxin",46,"Excelent"
"2014-9-24",2,21,36,17,37,"Aotizhongxin",37,"Excelent"
"2014-9-25",3,37,87,18,33,"Aotizhongxin",87,"Good"
"2014-9-26",5,36,90,23,42,"Aotizhongxin",90,"Good"
"2014-9-27",2,27,56,15,40,"Aotizhongxin",56,"Good"
"2014-9-28",5,44,83,23,31,"Aotizhongxin",83,"Good"
"2014-9-29",2,27,67,15,31,"Aotizhongxin",67,"Good"
"2014-9-3",2,31,21,10,9,"Aotizhongxin",31,"Excelent"
"2014-9-30",4,22,54,8,19,"Aotizhongxin",54,"Good"
"2014-9-4",4,32,76,10,149,"Aotizhongxin",149,"Slightly Polluted"
"2014-9-5",3,39,103,16,196,"Aotizhongxin",196,"Lightly Polluted"
"2014-9-6",2,27,102,23,191,"Aotizhongxin",191,"Lightly Polluted"
"2014-9-7",2,35,120,18,146,"Aotizhongxin",146,"Slightly Polluted"
"2014-9-8",2,14,33,7,47,"Aotizhongxin",47,"Excelent"
"2014-9-9",3,33,70,12,166,"Aotizhongxin",166,"Lightly Polluted"
"2015-1-1",12,25,54,23,24,"Aotizhongxin",54,"Good"
"2015-1-10",31,52,106,46,29,"Aotizhongxin",106,"Slightly Polluted"
"2015-1-11",8,21,43,15,21,"Aotizhongxin",43,"Excelent"
"2015-1-12",24,42,93,42,20,"Aotizhongxin",93,"Good"
"2015-1-13",36,50,122,45,9,"Aotizhongxin",122,"Slightly Polluted"
"2015-1-14",37,58,137,48,2,"Aotizhongxin",137,"Slightly Polluted"
"2015-1-15",23,66,187,75,2,"Aotizhongxin",187,"Lightly Polluted"
"2015-1-16",7,18,80,70,31,"Aotizhongxin",80,"Good"
"2015-1-17",16,29,57,35,20,"Aotizhongxin",57,"Good"
"2015-1-18",22,26,75,31,35,"Aotizhongxin",75,"Good"
"2015-1-19",15,31,57,23,26,"Aotizhongxin",57,"Good"
"2015-1-2",19,35,65,27,19,"Aotizhongxin",65,"Good"
"2015-1-20",28,40,77,29,16,"Aotizhongxin",77,"Good"
"2015-1-21",11,16,23,19,31,"Aotizhongxin",31,"Excelent"
"2015-1-22",24,43,87,44,21,"Aotizhongxin",87,"Good"
"2015-1-23",37,63,132,46,5,"Aotizhongxin",132,"Slightly Polluted"
"2015-1-24",19,37,72,48,15,"Aotizhongxin",72,"Good"
"2015-1-25",10,27,78,22,15,"Aotizhongxin",78,"Good"
"2015-1-26",6,17,67,42,32,"Aotizhongxin",67,"Good"
"2015-1-27",9,12,16,16,29,"Aotizhongxin",29,"Excelent"
"2015-1-28",9,24,29,20,23,"Aotizhongxin",29,"Excelent"
"2015-1-29",12,19,56,22,32,"Aotizhongxin",56,"Good"
"2015-1-3",42,60,121,47,3,"Aotizhongxin",121,"Slightly Polluted"
"2015-1-30",9,11,25,8,40,"Aotizhongxin",40,"Excelent"
"2015-1-31",11,22,42,20,30,"Aotizhongxin",42,"Excelent"
"2015-1-4",45,66,134,73,10,"Aotizhongxin",134,"Slightly Polluted"
"2015-1-5",34,34,104,61,29,"Aotizhongxin",104,"Slightly Polluted"
"2015-1-6",13,19,51,18,23,"Aotizhongxin",51,"Good"
"2015-1-7",20,33,61,27,14,"Aotizhongxin",61,"Good"
"2015-1-8",29,51,109,61,1,"Aotizhongxin",109,"Slightly Polluted"
"2015-1-9",24,34,72,48,30,"Aotizhongxin",72,"Good"
"2015-10-1",2,16,25,9,38,"Aotizhongxin",38,"Excelent"
"2015-10-10",1,6,14,4,34,"Aotizhongxin",34,"Excelent"
"2015-10-11",1,10,19,7,45,"Aotizhongxin",45,"Excelent"
"2015-10-12",2,29,32,9,47,"Aotizhongxin",47,"Excelent"
"2015-10-13",4,47,61,22,60,"Aotizhongxin",61,"Good"
"2015-10-14",10,66,97,42,65,"Aotizhongxin",97,"Good"
"2015-10-15",6,66,95,30,190,"Aotizhongxin",190,"Lightly Polluted"
"2015-10-16",9,80,136,56,216,"Aotizhongxin",216,"Moderately Polluted"
"2015-10-17",10,88,180,48,140,"Aotizhongxin",180,"Lightly Polluted"
"2015-10-18",5,34,66,32,31,"Aotizhongxin",66,"Good"
"2015-10-19",4,35,75,23,39,"Aotizhongxin",75,"Good"
"2015-10-2",1,32,57,13,89,"Aotizhongxin",89,"Good"
"2015-10-20",6,43,77,24,15,"Aotizhongxin",77,"Good"
"2015-10-21",2,26,46,21,17,"Aotizhongxin",46,"Excelent"
"2015-10-22",1,31,31,21,20,"Aotizhongxin",31,"Excelent"
"2015-10-23",1,38,52,18,37,"Aotizhongxin",52,"Good"
"2015-10-24",2,34,59,21,36,"Aotizhongxin",59,"Good"
"2015-10-25",2,38,54,16,18,"Aotizhongxin",54,"Good"
"2015-10-26",1,18,48,9,31,"Aotizhongxin",48,"Excelent"
"2015-10-27",2,23,38,24,34,"Aotizhongxin",38,"Excelent"
"2015-10-28",3,16,12,6,38,"Aotizhongxin",38,"Excelent"
"2015-10-29",2,13,16,7,36,"Aotizhongxin",36,"Excelent"
"2015-10-3",2,32,58,13,66,"Aotizhongxin",66,"Good"
"2015-10-30",3,31,49,16,30,"Aotizhongxin",49,"Excelent"
"2015-10-31",3,35,58,18,34,"Aotizhongxin",58,"Good"
"2015-10-4",5,54,105,24,202,"Aotizhongxin",202,"Moderately Polluted"
"2015-10-5",4,58,134,42,219,"Aotizhongxin",219,"Moderately Polluted"
"2015-10-6",6,68,181,42,233,"Aotizhongxin",233,"Moderately Polluted"
"2015-10-7",5,43,168,34,152,"Aotizhongxin",168,"Lightly Polluted"
"2015-10-8",1,9,20,5,37,"Aotizhongxin",37,"Excelent"
"2015-10-9",1,15,46,15,40,"Aotizhongxin",46,"Excelent"
"2015-11-1",5,49,76,19,29,"Aotizhongxin",76,"Good"
"2015-11-10",2,36,94,26,5,"Aotizhongxin",94,"Good"
"2015-11-11",3,35,83,30,13,"Aotizhongxin",83,"Good"
"2015-11-12",3,36,107,42,4,"Aotizhongxin",107,"Slightly Polluted"
"2015-11-13",8,42,138,49,3,"Aotizhongxin",138,"Slightly Polluted"
"2015-11-14",9,49,164,54,11,"Aotizhongxin",164,"Lightly Polluted"
"2015-11-15",8,45,131,69,36,"Aotizhongxin",131,"Slightly Polluted"
"2015-11-16",7,32,53,21,15,"Aotizhongxin",53,"Good"
"2015-11-17",5,30,61,37,16,"Aotizhongxin",61,"Good"
"2015-11-18",6,30,62,18,8,"Aotizhongxin",62,"Good"
"2015-11-19",3,27,64,28,2,"Aotizhongxin",64,"Good"
"2015-11-2",5,53,86,34,32,"Aotizhongxin",86,"Good"
"2015-11-20",7,27,56,37,3,"Aotizhongxin",56,"Good"
"2015-11-21",4,27,38,39,3,"Aotizhongxin",39,"Excelent"
"2015-11-22",3,27,47,20,21,"Aotizhongxin",47,"Excelent"
"2015-11-23",7,19,28,14,28,"Aotizhongxin",28,"Excelent"
"2015-11-24",4,27,27,18,26,"Aotizhongxin",27,"Excelent"
"2015-11-25",8,25,53,22,30,"Aotizhongxin",53,"Good"
"2015-11-26",8,20,36,22,32,"Aotizhongxin",36,"Excelent"
"2015-11-27",11,62,125,49,10,"Aotizhongxin",125,"Slightly Polluted"
"2015-11-28",10,68,163,66,14,"Aotizhongxin",163,"Lightly Polluted"
"2015-11-29",8,71,152,87,20,"Aotizhongxin",152,"Lightly Polluted"
"2015-11-3",9,60,117,37,68,"Aotizhongxin",117,"Slightly Polluted"
"2015-11-30",3,64,136,89,6,"Aotizhongxin",136,"Slightly Polluted"
"2015-11-4",8,77,143,32,8,"Aotizhongxin",143,"Slightly Polluted"
"2015-11-5",7,36,81,23,19,"Aotizhongxin",81,"Good"
"2015-11-6",3,18,19,12,26,"Aotizhongxin",26,"Excelent"
"2015-11-7",2,16,15,8,27,"Aotizhongxin",27,"Excelent"
"2015-11-8",3,29,51,17,26,"Aotizhongxin",51,"Good"
"2015-11-9",2,38,95,36,7,"Aotizhongxin",95,"Good"
"2015-12-1",17,86,302,93,8,"Aotizhongxin",302,"Severely Polluted"
"2015-12-10",11,36,81,58,39,"Aotizhongxin",81,"Good"
"2015-12-11",9,38,47,25,22,"Aotizhongxin",47,"Excelent"
"2015-12-12",15,48,84,50,11,"Aotizhongxin",84,"Good"
"2015-12-13",24,58,117,69,11,"Aotizhongxin",117,"Slightly Polluted"
"2015-12-14",7,42,94,65,33,"Aotizhongxin",94,"Good"
"2015-12-15",3,8,10,6,33,"Aotizhongxin",33,"Excelent"
"2015-12-16",4,9,11,7,26,"Aotizhongxin",26,"Excelent"
"2015-12-17",7,34,51,31,17,"Aotizhongxin",51,"Good"
"2015-12-18",11,43,66,50,30,"Aotizhongxin",66,"Good"
"2015-12-19",19,52,101,69,13,"Aotizhongxin",101,"Slightly Polluted"
"2015-12-2",3,9,6,8,31,"Aotizhongxin",31,"Excelent"
"2015-12-20",22,64,123,58,9,"Aotizhongxin",123,"Slightly Polluted"
"2015-12-21",16,64,148,80,9,"Aotizhongxin",148,"Slightly Polluted"
"2015-12-22",23,63,179,92,9,"Aotizhongxin",179,"Lightly Polluted"
"2015-12-23",15,58,147,85,28,"Aotizhongxin",147,"Slightly Polluted"
"2015-12-24",10,39,70,68,36,"Aotizhongxin",70,"Good"
"2015-12-25",8,93,437,93,6,"Aotizhongxin",437,"Severely Polluted"
"2015-12-26",6,56,164,92,7,"Aotizhongxin",164,"Lightly Polluted"
"2015-12-27",11,33,47,29,14,"Aotizhongxin",47,"Excelent"
"2015-12-28",22,46,93,52,8,"Aotizhongxin",93,"Good"
"2015-12-29",31,63,184,81,9,"Aotizhongxin",184,"Lightly Polluted"
"2015-12-3",8,9,11,7,28,"Aotizhongxin",28,"Excelent"
"2015-12-30",14,30,75,93,34,"Aotizhongxin",93,"Good"
"2015-12-31",12,42,65,51,15,"Aotizhongxin",65,"Good"
"2015-12-4",4,22,32,34,34,"Aotizhongxin",34,"Excelent"
"2015-12-5",8,39,59,31,29,"Aotizhongxin",59,"Good"
"2015-12-6",18,53,105,62,10,"Aotizhongxin",105,"Slightly Polluted"
"2015-12-7",21,57,124,51,7,"Aotizhongxin",124,"Slightly Polluted"
"2015-12-8",2,55,158,71,8,"Aotizhongxin",158,"Lightly Polluted"
"2015-12-9",18,60,151,53,9,"Aotizhongxin",151,"Lightly Polluted"
"2015-2-1",27,37,68,33,9,"Aotizhongxin",68,"Good"
"2015-2-10",29,55,104,45,39,"Aotizhongxin",104,"Slightly Polluted"
"2015-2-11",14,23,59,43,49,"Aotizhongxin",59,"Good"
"2015-2-12",7,21,40,12,50,"Aotizhongxin",50,"Excelent"
"2015-2-13",20,47,94,40,205,"Aotizhongxin",205,"Moderately Polluted"
"2015-2-14",35,66,147,44,27,"Aotizhongxin",147,"Slightly Polluted"
"2015-2-15",47,71,170,56,9,"Aotizhongxin",170,"Lightly Polluted"
"2015-2-16",20,27,94,59,34,"Aotizhongxin",94,"Good"
"2015-2-17",6,16,35,17,38,"Aotizhongxin",38,"Excelent"
"2015-2-18",11,19,52,19,41,"Aotizhongxin",52,"Good"
"2015-2-19",29,21,131,23,40,"Aotizhongxin",131,"Slightly Polluted"
"2015-2-2",41,51,102,56,20,"Aotizhongxin",102,"Slightly Polluted"
"2015-2-20",7,22,82,24,33,"Aotizhongxin",82,"Good"
"2015-2-21",7,17,150,25,38,"Aotizhongxin",150,"Slightly Polluted"
"2015-2-22",3,8,172,8,37,"Aotizhongxin",172,"Lightly Polluted"
"2015-2-23",15,18,85,13,42,"Aotizhongxin",85,"Good"
"2015-2-24",23,34,140,29,33,"Aotizhongxin",140,"Slightly Polluted"
"2015-2-25",7,17,72,29,44,"Aotizhongxin",72,"Good"
"2015-2-26",4,10,22,6,40,"Aotizhongxin",40,"Excelent"
"2015-2-27",7,17,36,10,28,"Aotizhongxin",36,"Excelent"
"2015-2-28",6,23,86,19,18,"Aotizhongxin",86,"Good"
"2015-2-3",21,38,80,55,50,"Aotizhongxin",80,"Good"
"2015-2-4",8,9,45,6,46,"Aotizhongxin",46,"Excelent"
"2015-2-5",10,22,32,13,40,"Aotizhongxin",40,"Excelent"
"2015-2-6",18,48,66,31,38,"Aotizhongxin",66,"Good"
"2015-2-7",9,11,33,23,63,"Aotizhongxin",63,"Good"
"2015-2-8",10,14,32,12,43,"Aotizhongxin",43,"Excelent"
"2015-2-9",27,45,85,27,205,"Aotizhongxin",205,"Moderately Polluted"
"2015-3-1",6,20,64,14,43,"Aotizhongxin",64,"Good"
"2015-3-10",6,24,42,17,57,"Aotizhongxin",57,"Good"
"2015-3-11",11,31,59,26,45,"Aotizhongxin",59,"Good"
"2015-3-12",15,42,79,22,29,"Aotizhongxin",79,"Good"
"2015-3-13",14,34,64,25,48,"Aotizhongxin",64,"Good"
"2015-3-14",24,46,90,31,27,"Aotizhongxin",90,"Good"
"2015-3-15",12,38,127,32,65,"Aotizhongxin",127,"Slightly Polluted"
"2015-3-16",19,48,174,28,21,"Aotizhongxin",174,"Lightly Polluted"
"2015-3-17",10,34,144,30,69,"Aotizhongxin",144,"Slightly Polluted"
"2015-3-18",7,24,67,12,47,"Aotizhongxin",67,"Good"
"2015-3-19",8,42,130,20,45,"Aotizhongxin",130,"Slightly Polluted"
"2015-3-2",12,27,73,32,43,"Aotizhongxin",73,"Good"
"2015-3-20",3,26,123,14,68,"Aotizhongxin",123,"Slightly Polluted"
"2015-3-21",2,16,74,11,46,"Aotizhongxin",74,"Good"
"2015-3-22",2,11,84,8,47,"Aotizhongxin",84,"Good"
"2015-3-23",5,27,75,14,50,"Aotizhongxin",75,"Good"
"2015-3-24",17,39,90,33,61,"Aotizhongxin",90,"Good"
"2015-3-25",23,43,110,33,100,"Aotizhongxin",110,"Slightly Polluted"
"2015-3-26",12,30,108,18,146,"Aotizhongxin",146,"Slightly Polluted"
"2015-3-27",14,27,102,17,144,"Aotizhongxin",144,"Slightly Polluted"
"2015-3-28",5,19,141,16,57,"Aotizhongxin",141,"Slightly Polluted"
"2015-3-29",10,43,176,23,118,"Aotizhongxin",176,"Lightly Polluted"
"2015-3-3",1,4,58,4,38,"Aotizhongxin",58,"Good"
"2015-3-30",15,44,202,21,144,"Aotizhongxin",202,"Moderately Polluted"
"2015-3-31",10,32,108,37,50,"Aotizhongxin",108,"Slightly Polluted"
"2015-3-4",7,18,42,9,44,"Aotizhongxin",44,"Excelent"
"2015-3-5",33,37,99,32,42,"Aotizhongxin",99,"Good"
"2015-3-6",37,46,135,30,53,"Aotizhongxin",135,"Slightly Polluted"
"2015-3-7",29,49,152,40,50,"Aotizhongxin",152,"Lightly Polluted"
"2015-3-8",19,31,99,30,44,"Aotizhongxin",99,"Good"
"2015-3-9",2,7,30,6,44,"Aotizhongxin",44,"Excelent"
"2015-4-1",2,29,57,11,44,"Aotizhongxin",57,"Good"
"2015-4-10",7,40,112,15,140,"Aotizhongxin",140,"Slightly Polluted"
"2015-4-11",9,28,100,35,110,"Aotizhongxin",110,"Slightly Polluted"
"2015-4-12",1,8,35,5,42,"Aotizhongxin",42,"Excelent"
"2015-4-13",2,13,37,6,93,"Aotizhongxin",93,"Good"
"2015-4-14",3,38,73,11,106,"Aotizhongxin",106,"Slightly Polluted"
"2015-4-15",9,65,118,17,25,"Aotizhongxin",118,"Slightly Polluted"
"2015-4-16",3,11,72,4,58,"Aotizhongxin",72,"Good"
"2015-4-17",12,34,125,12,84,"Aotizhongxin",125,"Slightly Polluted"
"2015-4-18",15,56,171,27,79,"Aotizhongxin",171,"Lightly Polluted"
"2015-4-19",3,24,84,15,66,"Aotizhongxin",84,"Good"
"2015-4-2",1,15,33,10,65,"Aotizhongxin",65,"Good"
"2015-4-20",2,33,89,12,43,"Aotizhongxin",89,"Good"
"2015-4-21",3,21,95,15,95,"Aotizhongxin",95,"Good"
"2015-4-22",5,31,90,12,122,"Aotizhongxin",122,"Slightly Polluted"
"2015-4-23",7,31,82,12,50,"Aotizhongxin",82,"Good"
"2015-4-24",5,35,134,11,118,"Aotizhongxin",134,"Slightly Polluted"
"2015-4-25",7,42,121,16,184,"Aotizhongxin",184,"Lightly Polluted"
"2015-4-26",11,35,128,17,226,"Aotizhongxin",226,"Moderately Polluted"
"2015-4-27",5,29,97,14,207,"Aotizhongxin",207,"Moderately Polluted"
"2015-4-28",2,23,59,15,139,"Aotizhongxin",139,"Slightly Polluted"
"2015-4-29",6,31,102,22,207,"Aotizhongxin",207,"Moderately Polluted"
"2015-4-3",3,17,39,14,98,"Aotizhongxin",98,"Good"
"2015-4-30",6,28,103,17,214,"Aotizhongxin",214,"Moderately Polluted"
"2015-4-4",4,20,60,11,163,"Aotizhongxin",163,"Lightly Polluted"
"2015-4-5",2,18,71,12,55,"Aotizhongxin",71,"Good"
"2015-4-6",1,8,31,4,47,"Aotizhongxin",47,"Excelent"
"2015-4-7",3,16,47,7,42,"Aotizhongxin",47,"Excelent"
"2015-4-8",8,30,92,13,48,"Aotizhongxin",92,"Good"
"2015-4-9",11,34,118,15,98,"Aotizhongxin",118,"Slightly Polluted"
"2015-5-1",6,32,97,22,65,"Aotizhongxin",97,"Good"
"2015-5-10",4,31,47,19,25,"Aotizhongxin",47,"Excelent"
"2015-5-11",1,20,29,15,57,"Aotizhongxin",57,"Good"
"2015-5-12",1,20,53,28,79,"Aotizhongxin",79,"Good"
"2015-5-13",3,40,97,21,207,"Aotizhongxin",207,"Moderately Polluted"
"2015-5-14",3,19,63,8,89,"Aotizhongxin",89,"Good"
"2015-5-15",2,17,51,10,105,"Aotizhongxin",105,"Slightly Polluted"
"2015-5-16",5,29,77,13,204,"Aotizhongxin",204,"Moderately Polluted"
"2015-5-17",7,25,120,15,203,"Aotizhongxin",203,"Moderately Polluted"
"2015-5-18",1,21,74,15,76,"Aotizhongxin",76,"Good"
"2015-5-19",1,9,53,2,49,"Aotizhongxin",53,"Good"
"2015-5-2",1,19,62,8,165,"Aotizhongxin",165,"Lightly Polluted"
"2015-5-20",2,12,44,3,90,"Aotizhongxin",90,"Good"
"2015-5-21",4,27,72,6,149,"Aotizhongxin",149,"Slightly Polluted"
"2015-5-22",8,32,76,12,219,"Aotizhongxin",219,"Moderately Polluted"
"2015-5-23",11,37,105,13,244,"Aotizhongxin",244,"Moderately Polluted"
"2015-5-24",8,38,116,20,236,"Aotizhongxin",236,"Moderately Polluted"
"2015-5-25",12,28,118,17,257,"Aotizhongxin",257,"Heavily Polluted"
"2015-5-26",9,21,106,14,245,"Aotizhongxin",245,"Moderately Polluted"
"2015-5-27",5,19,99,16,245,"Aotizhongxin",245,"Moderately Polluted"
"2015-5-28",11,21,96,17,210,"Aotizhongxin",210,"Moderately Polluted"
"2015-5-29",2,28,78,16,186,"Aotizhongxin",186,"Lightly Polluted"
"2015-5-3",1,13,77,15,76,"Aotizhongxin",77,"Good"
"2015-5-30",4,25,77,13,223,"Aotizhongxin",223,"Moderately Polluted"
"2015-5-31",8,26,81,13,227,"Aotizhongxin",227,"Moderately Polluted"
"2015-5-4",3,13,66,7,130,"Aotizhongxin",130,"Slightly Polluted"
"2015-5-5",5,25,76,13,130,"Aotizhongxin",130,"Slightly Polluted"
"2015-5-6",2,17,63,7,73,"Aotizhongxin",73,"Good"
"2015-5-7",4,22,94,9,132,"Aotizhongxin",132,"Slightly Polluted"
"2015-5-8",6,24,76,21,95,"Aotizhongxin",95,"Good"
"2015-5-9",5,21,50,14,34,"Aotizhongxin",50,"Excelent"
"2015-6-1",4,33,118,15,252,"Aotizhongxin",252,"Heavily Polluted"
"2015-6-10",4,23,62,17,92,"Aotizhongxin",92,"Good"
"2015-6-11",4,16,29,14,49,"Aotizhongxin",49,"Excelent"
"2015-6-12",5,10,15,4,60,"Aotizhongxin",60,"Good"
"2015-6-13",5,13,27,7,98,"Aotizhongxin",98,"Good"
"2015-6-14",5,20,36,7,158,"Aotizhongxin",158,"Lightly Polluted"
"2015-6-15",11,29,90,23,233,"Aotizhongxin",233,"Moderately Polluted"
"2015-6-16",8,34,100,18,246,"Aotizhongxin",246,"Moderately Polluted"
"2015-6-17",1,26,53,17,208,"Aotizhongxin",208,"Moderately Polluted"
"2015-6-18",1,18,27,12,73,"Aotizhongxin",73,"Good"
"2015-6-19",1,20,39,12,48,"Aotizhongxin",48,"Excelent"
"2015-6-2",2,15,50,19,77,"Aotizhongxin",77,"Good"
"2015-6-20",1,20,33,12,190,"Aotizhongxin",190,"Lightly Polluted"
"2015-6-21",2,25,65,9,215,"Aotizhongxin",215,"Moderately Polluted"
"2015-6-22",10,23,87,18,228,"Aotizhongxin",228,"Moderately Polluted"
"2015-6-23",9,24,131,27,247,"Aotizhongxin",247,"Moderately Polluted"
"2015-6-24",6,28,89,13,168,"Aotizhongxin",168,"Lightly Polluted"
"2015-6-25",4,38,93,17,125,"Aotizhongxin",125,"Slightly Polluted"
"2015-6-26",1,14,74,10,227,"Aotizhongxin",227,"Moderately Polluted"
"2015-6-27",2,19,70,9,209,"Aotizhongxin",209,"Moderately Polluted"
"2015-6-28",5,20,101,17,223,"Aotizhongxin",223,"Moderately Polluted"
"2015-6-29",3,25,76,15,92,"Aotizhongxin",92,"Good"
"2015-6-3",4,21,78,11,166,"Aotizhongxin",166,"Lightly Polluted"
"2015-6-30",1,18,20,7,82,"Aotizhongxin",82,"Good"
"2015-6-4",3,28,67,84,47,"Aotizhongxin",84,"Good"
"2015-6-5",2,28,65,84,202,"Aotizhongxin",202,"Moderately Polluted"
"2015-6-6",1,17,44,76,201,"Aotizhongxin",201,"Moderately Polluted"
"2015-6-7",1,19,30,76,60,"Aotizhongxin",76,"Good"
"2015-6-8",3,20,43,8,142,"Aotizhongxin",142,"Slightly Polluted"
"2015-6-9",9,31,71,18,219,"Aotizhongxin",219,"Moderately Polluted"
"2015-7-1",2,23,40,9,55,"Aotizhongxin",55,"Good"
"2015-7-10",6,21,69,17,239,"Aotizhongxin",239,"Moderately Polluted"
"2015-7-11",7,27,90,23,263,"Aotizhongxin",263,"Heavily Polluted"
"2015-7-12",5,36,108,15,315,"Aotizhongxin",315,"Severely Polluted"
"2015-7-13",3,34,67,11,285,"Aotizhongxin",285,"Heavily Polluted"
"2015-7-14",3,24,58,11,258,"Aotizhongxin",258,"Heavily Polluted"
"2015-7-15",2,36,58,12,154,"Aotizhongxin",154,"Lightly Polluted"
"2015-7-16",1,23,46,10,110,"Aotizhongxin",110,"Slightly Polluted"
"2015-7-17",1,25,41,15,125,"Aotizhongxin",125,"Slightly Polluted"
"2015-7-18",1,23,51,13,214,"Aotizhongxin",214,"Moderately Polluted"
"2015-7-19",1,25,62,13,206,"Aotizhongxin",206,"Moderately Polluted"
"2015-7-2",2,18,17,9,68,"Aotizhongxin",68,"Good"
"2015-7-20",1,29,71,15,208,"Aotizhongxin",208,"Moderately Polluted"
"2015-7-21",1,27,94,16,205,"Aotizhongxin",205,"Moderately Polluted"
"2015-7-22",2,29,58,12,223,"Aotizhongxin",223,"Moderately Polluted"
"2015-7-23",1,35,42,12,146,"Aotizhongxin",146,"Slightly Polluted"
"2015-7-24",3,33,63,11,204,"Aotizhongxin",204,"Moderately Polluted"
"2015-7-25",4,28,81,12,226,"Aotizhongxin",226,"Moderately Polluted"
"2015-7-26",4,23,93,20,231,"Aotizhongxin",231,"Moderately Polluted"
"2015-7-27",2,27,75,13,220,"Aotizhongxin",220,"Moderately Polluted"
"2015-7-28",1,21,53,9,220,"Aotizhongxin",220,"Moderately Polluted"
"2015-7-29",1,30,77,13,225,"Aotizhongxin",225,"Moderately Polluted"
"2015-7-3",7,22,60,24,222,"Aotizhongxin",222,"Moderately Polluted"
"2015-7-30",1,23,50,16,113,"Aotizhongxin",113,"Slightly Polluted"
"2015-7-31",1,20,33,9,146,"Aotizhongxin",146,"Slightly Polluted"
"2015-7-4",4,30,55,10,98,"Aotizhongxin",98,"Good"
"2015-7-5",8,23,62,24,251,"Aotizhongxin",251,"Heavily Polluted"
"2015-7-6",6,23,66,36,248,"Aotizhongxin",248,"Moderately Polluted"
"2015-7-7",4,22,68,12,239,"Aotizhongxin",239,"Moderately Polluted"
"2015-7-8",5,24,92,17,228,"Aotizhongxin",228,"Moderately Polluted"
"2015-7-9",5,30,69,10,241,"Aotizhongxin",241,"Moderately Polluted"
"2015-8-1",1,52,81,14,73,"Aotizhongxin",81,"Good"
"2015-8-10",2,28,62,18,201,"Aotizhongxin",201,"Moderately Polluted"
"2015-8-11",4,23,94,25,260,"Aotizhongxin",260,"Heavily Polluted"
"2015-8-12",4,21,91,24,226,"Aotizhongxin",226,"Moderately Polluted"
"2015-8-13",6,26,113,28,278,"Aotizhongxin",278,"Heavily Polluted"
"2015-8-14",4,18,64,19,81,"Aotizhongxin",81,"Good"
"2015-8-15",3,24,50,15,118,"Aotizhongxin",118,"Slightly Polluted"
"2015-8-16",5,27,69,12,261,"Aotizhongxin",261,"Heavily Polluted"
"2015-8-17",6,24,109,13,236,"Aotizhongxin",236,"Moderately Polluted"
"2015-8-18",2,23,66,12,186,"Aotizhongxin",186,"Lightly Polluted"
"2015-8-19",1,23,58,13,182,"Aotizhongxin",182,"Lightly Polluted"
"2015-8-2",1,20,66,9,210,"Aotizhongxin",210,"Moderately Polluted"
"2015-8-20",1,15,44,12,191,"Aotizhongxin",191,"Lightly Polluted"
"2015-8-21",2,14,30,8,168,"Aotizhongxin",168,"Lightly Polluted"
"2015-8-22",2,14,34,26,68,"Aotizhongxin",68,"Good"
"2015-8-23",2,15,30,24,122,"Aotizhongxin",122,"Slightly Polluted"
"2015-8-24",1,14,20,10,85,"Aotizhongxin",85,"Good"
"2015-8-25",1,17,26,13,55,"Aotizhongxin",55,"Good"
"2015-8-26",1,17,20,9,79,"Aotizhongxin",79,"Good"
"2015-8-27",1,18,21,10,90,"Aotizhongxin",90,"Good"
"2015-8-28",1,16,30,10,98,"Aotizhongxin",98,"Good"
"2015-8-29",1,15,48,11,218,"Aotizhongxin",218,"Moderately Polluted"
"2015-8-3",1,22,28,4,30,"Aotizhongxin",30,"Excelent"
"2015-8-30",1,16,34,14,73,"Aotizhongxin",73,"Good"
"2015-8-31",1,14,29,12,61,"Aotizhongxin",61,"Good"
"2015-8-4",2,23,50,7,193,"Aotizhongxin",193,"Lightly Polluted"
"2015-8-5",3,29,82,11,198,"Aotizhongxin",198,"Lightly Polluted"
"2015-8-6",1,25,66,15,212,"Aotizhongxin",212,"Moderately Polluted"
"2015-8-7",2,24,75,22,170,"Aotizhongxin",170,"Lightly Polluted"
"2015-8-8",1,27,52,14,210,"Aotizhongxin",210,"Moderately Polluted"
"2015-8-9",2,30,65,15,231,"Aotizhongxin",231,"Moderately Polluted"
"2015-9-1",1,12,12,8,37,"Aotizhongxin",37,"Excelent"
"2015-9-10",1,21,12,7,24,"Aotizhongxin",24,"Excelent"
"2015-9-11",1,22,15,9,40,"Aotizhongxin",40,"Excelent"
"2015-9-12",2,21,18,6,41,"Aotizhongxin",41,"Excelent"
"2015-9-13",2,30,55,17,95,"Aotizhongxin",95,"Good"
"2015-9-14",6,42,82,16,173,"Aotizhongxin",173,"Lightly Polluted"
"2015-9-15",8,47,93,20,225,"Aotizhongxin",225,"Moderately Polluted"
"2015-9-16",6,48,109,22,210,"Aotizhongxin",210,"Moderately Polluted"
"2015-9-17",8,43,111,25,211,"Aotizhongxin",211,"Moderately Polluted"
"2015-9-18",2,35,72,20,87,"Aotizhongxin",87,"Good"
"2015-9-19",2,36,44,14,140,"Aotizhongxin",140,"Slightly Polluted"
"2015-9-2",1,13,15,6,45,"Aotizhongxin",45,"Excelent"
"2015-9-20",6,34,82,18,199,"Aotizhongxin",199,"Lightly Polluted"
"2015-9-21",11,48,100,25,211,"Aotizhongxin",211,"Moderately Polluted"
"2015-9-22",8,39,99,30,129,"Aotizhongxin",129,"Slightly Polluted"
"2015-9-23",1,26,42,11,92,"Aotizhongxin",92,"Good"
"2015-9-24",3,37,91,23,161,"Aotizhongxin",161,"Lightly Polluted"
"2015-9-25",2,25,29,19,44,"Aotizhongxin",44,"Excelent"
"2015-9-26",4,29,58,11,162,"Aotizhongxin",162,"Lightly Polluted"
"2015-9-27",2,43,71,23,98,"Aotizhongxin",98,"Good"
"2015-9-28",3,33,51,27,38,"Aotizhongxin",51,"Good"
"2015-9-29",3,34,47,23,12,"Aotizhongxin",47,"Excelent"
"2015-9-3",1,12,27,9,144,"Aotizhongxin",144,"Slightly Polluted"
"2015-9-30",2,28,28,11,22,"Aotizhongxin",28,"Excelent"
"2015-9-4",2,17,52,42,55,"Aotizhongxin",55,"Good"
"2015-9-5",1,14,19,12,49,"Aotizhongxin",49,"Excelent"
"2015-9-6",1,20,27,9,95,"Aotizhongxin",95,"Good"
"2015-9-7",1,25,42,10,163,"Aotizhongxin",163,"Lightly Polluted"
"2015-9-8",3,35,71,13,173,"Aotizhongxin",173,"Lightly Polluted"
"2015-9-9",1,33,53,17,63,"Aotizhongxin",63,"Good"
"2016-1-1",25,63,120,71,9,"Aotizhongxin",120,"Slightly Polluted"
"2016-1-10",10,34,53,29,24,"Aotizhongxin",53,"Good"
"2016-1-11",1,13,25,9,33,"Aotizhongxin",33,"Excelent"
"2016-1-12",5,15,25,12,30,"Aotizhongxin",30,"Excelent"
"2016-1-13",8,27,41,16,33,"Aotizhongxin",41,"Excelent"
"2016-1-14",14,43,68,32,27,"Aotizhongxin",68,"Good"
"2016-1-15",19,50,84,41,18,"Aotizhongxin",84,"Good"
"2016-1-16",27,42,95,37,13,"Aotizhongxin",95,"Good"
"2016-1-17",4,17,47,35,35,"Aotizhongxin",47,"Excelent"
"2016-1-18",1,9,45,8,33,"Aotizhongxin",45,"Excelent"
"2016-1-19",11,36,62,31,19,"Aotizhongxin",62,"Good"
"2016-1-2",27,76,168,74,10,"Aotizhongxin",168,"Lightly Polluted"
"2016-1-20",38,47,99,50,9,"Aotizhongxin",99,"Good"
"2016-1-21",20,40,93,44,11,"Aotizhongxin",93,"Good"
"2016-1-22",3,10,29,45,33,"Aotizhongxin",45,"Excelent"
"2016-1-23",1,7,39,8,30,"Aotizhongxin",39,"Excelent"
"2016-1-24",4,13,50,13,33,"Aotizhongxin",50,"Excelent"
"2016-1-25",12,8,36,19,34,"Aotizhongxin",36,"Excelent"
"2016-1-26",10,5,54,22,35,"Aotizhongxin",54,"Good"
"2016-1-27",21,19,75,30,8,"Aotizhongxin",75,"Good"
"2016-1-28",22,38,77,35,28,"Aotizhongxin",77,"Good"
"2016-1-29",23,29,70,31,21,"Aotizhongxin",70,"Good"
"2016-1-3",12,54,158,89,18,"Aotizhongxin",158,"Lightly Polluted"
"2016-1-30",14,28,56,40,29,"Aotizhongxin",56,"Good"
"2016-1-31",5,10,22,8,35,"Aotizhongxin",35,"Excelent"
"2016-1-4",4,21,45,48,33,"Aotizhongxin",48,"Excelent"
"2016-1-5",4,23,39,25,28,"Aotizhongxin",39,"Excelent"
"2016-1-6",6,22,35,22,33,"Aotizhongxin",35,"Excelent"
"2016-1-7",4,14,21,9,31,"Aotizhongxin",31,"Excelent"
"2016-1-8",8,23,44,26,32,"Aotizhongxin",44,"Excelent"
"2016-1-9",14,43,65,32,17,"Aotizhongxin",65,"Good"
"2016-10-1",5,51,110,18,152,"Aotizhongxin",152,"Lightly Polluted"
"2016-10-10",5,43,82,19,23,"Aotizhongxin",82,"Good"
"2016-10-11",3,36,83,24,39,"Aotizhongxin",83,"Good"
"2016-10-12",1,33,67,19,50,"Aotizhongxin",67,"Good"
"2016-10-13",1,46,110,25,47,"Aotizhongxin",110,"Slightly Polluted"
"2016-10-14",2,62,145,25,76,"Aotizhongxin",145,"Slightly Polluted"
"2016-10-15",2,55,120,26,1,"Aotizhongxin",120,"Slightly Polluted"
"2016-10-16",1,33,80,17,43,"Aotizhongxin",80,"Good"
"2016-10-17",1,30,64,22,50,"Aotizhongxin",64,"Good"
"2016-10-18",2,39,96,33,17,"Aotizhongxin",96,"Good"
"2016-10-19",2,49,140,27,27,"Aotizhongxin",140,"Slightly Polluted"
"2016-10-2",2,40,119,18,157,"Aotizhongxin",157,"Lightly Polluted"
"2016-10-20",2,34,78,25,22,"Aotizhongxin",78,"Good"
"2016-10-21",1,26,44,10,21,"Aotizhongxin",44,"Excelent"
"2016-10-22",1,16,18,10,19,"Aotizhongxin",19,"Excelent"
"2016-10-23",1,21,39,8,22,"Aotizhongxin",39,"Excelent"
"2016-10-24",1,37,90,17,3,"Aotizhongxin",90,"Good"
"2016-10-25",1,43,89,17,6,"Aotizhongxin",89,"Good"
"2016-10-26",3,29,63,20,29,"Aotizhongxin",63,"Good"
"2016-10-27",3,29,50,23,10,"Aotizhongxin",50,"Excelent"
"2016-10-28",1,15,18,7,33,"Aotizhongxin",33,"Excelent"
"2016-10-29",2,26,45,6,26,"Aotizhongxin",45,"Excelent"
"2016-10-3",1,35,91,18,154,"Aotizhongxin",154,"Lightly Polluted"
"2016-10-30",2,25,62,14,31,"Aotizhongxin",62,"Good"
"2016-10-31",3,10,17,5,33,"Aotizhongxin",33,"Excelent"
"2016-10-4",1,20,44,13,41,"Aotizhongxin",44,"Excelent"
"2016-10-5",1,24,56,20,40,"Aotizhongxin",56,"Good"
"2016-10-6",1,28,61,30,17,"Aotizhongxin",61,"Good"
"2016-10-7",1,24,38,21,27,"Aotizhongxin",38,"Excelent"
"2016-10-8",1,14,18,8,38,"Aotizhongxin",38,"Excelent"
"2016-10-9",2,28,50,10,29,"Aotizhongxin",50,"Excelent"
"2016-11-1",6,30,54,9,26,"Aotizhongxin",54,"Good"
"2016-11-10",3,38,103,33,26,"Aotizhongxin",103,"Slightly Polluted"
"2016-11-11",4,39,78,27,11,"Aotizhongxin",78,"Good"
"2016-11-12",4,37,80,20,20,"Aotizhongxin",80,"Good"
"2016-11-13",3,38,96,39,1,"Aotizhongxin",96,"Good"
"2016-11-14",2,20,55,37,36,"Aotizhongxin",55,"Good"
"2016-11-15",6,36,47,36,16,"Aotizhongxin",47,"Excelent"
"2016-11-16",7,46,83,54,17,"Aotizhongxin",83,"Good"
"2016-11-17",8,39,98,45,4,"Aotizhongxin",98,"Good"
"2016-11-18",6,45,154,46,1,"Aotizhongxin",154,"Lightly Polluted"
"2016-11-19",3,34,100,37,36,"Aotizhongxin",100,"Good"
"2016-11-2",5,43,90,22,17,"Aotizhongxin",90,"Good"
"2016-11-20",1,21,51,20,18,"Aotizhongxin",51,"Good"
"2016-11-21",2,8,19,5,33,"Aotizhongxin",33,"Excelent"
"2016-11-22",3,9,18,6,32,"Aotizhongxin",32,"Excelent"
"2016-11-23",4,16,24,11,30,"Aotizhongxin",30,"Excelent"
"2016-11-24",9,40,71,36,17,"Aotizhongxin",71,"Good"
"2016-11-25",13,55,119,49,4,"Aotizhongxin",119,"Slightly Polluted"
"2016-11-26",10,68,216,58,10,"Aotizhongxin",216,"Moderately Polluted"
"2016-11-27",4,29,61,46,34,"Aotizhongxin",61,"Good"
"2016-11-28",10,45,69,35,11,"Aotizhongxin",69,"Good"
"2016-11-29",16,47,96,42,2,"Aotizhongxin",96,"Good"
"2016-11-3",4,61,138,42,9,"Aotizhongxin",138,"Slightly Polluted"
"2016-11-30",7,37,84,42,35,"Aotizhongxin",84,"Good"
"2016-11-4",2,70,159,44,10,"Aotizhongxin",159,"Lightly Polluted"
"2016-11-5",2,50,112,45,27,"Aotizhongxin",112,"Slightly Polluted"
"2016-11-6",4,28,59,20,25,"Aotizhongxin",59,"Good"
"2016-11-7",1,24,46,19,27,"Aotizhongxin",46,"Excelent"
"2016-11-8",4,32,53,15,28,"Aotizhongxin",53,"Good"
"2016-11-9",8,48,121,38,3,"Aotizhongxin",121,"Slightly Polluted"
"2016-12-1",4,24,41,20,36,"Aotizhongxin",41,"Excelent"
"2016-12-10",8,35,54,25,17,"Aotizhongxin",54,"Good"
"2016-12-11",19,59,126,54,5,"Aotizhongxin",126,"Slightly Polluted"
"2016-12-12",21,53,130,36,17,"Aotizhongxin",130,"Slightly Polluted"
"2016-12-13",4,27,54,38,27,"Aotizhongxin",54,"Good"
"2016-12-14",6,24,33,14,30,"Aotizhongxin",33,"Excelent"
"2016-12-15",7,24,49,36,34,"Aotizhongxin",49,"Excelent"
"2016-12-16",11,49,76,32,34,"Aotizhongxin",76,"Good"
"2016-12-17",19,62,134,56,8,"Aotizhongxin",134,"Slightly Polluted"
"2016-12-18",17,59,139,63,8,"Aotizhongxin",139,"Slightly Polluted"
"2016-12-19",16,67,138,63,7,"Aotizhongxin",138,"Slightly Polluted"
"2016-12-2",9,44,74,38,16,"Aotizhongxin",74,"Good"
"2016-12-20",3,68,191,93,7,"Aotizhongxin",191,"Lightly Polluted"
"2016-12-21",5,81,224,90,9,"Aotizhongxin",224,"Moderately Polluted"
"2016-12-22",4,17,57,74,33,"Aotizhongxin",74,"Good"
"2016-12-23",4,26,31,16,25,"Aotizhongxin",31,"Excelent"
"2016-12-24",16,50,97,46,25,"Aotizhongxin",97,"Good"
"2016-12-25",19,56,106,44,3,"Aotizhongxin",106,"Slightly Polluted"
"2016-12-26",11,26,48,34,29,"Aotizhongxin",48,"Excelent"
"2016-12-27",5,20,42,25,30,"Aotizhongxin",42,"Excelent"
"2016-12-28",4,22,59,22,31,"Aotizhongxin",59,"Good"
"2016-12-29",7,28,59,26,31,"Aotizhongxin",59,"Good"
"2016-12-3",13,61,136,66,9,"Aotizhongxin",136,"Slightly Polluted"
"2016-12-30",11,53,133,46,21,"Aotizhongxin",133,"Slightly Polluted"
"2016-12-31",10,73,183,58,8,"Aotizhongxin",183,"Lightly Polluted"
"2016-12-4",8,65,179,69,19,"Aotizhongxin",179,"Lightly Polluted"
"2016-12-5",3,23,45,23,34,"Aotizhongxin",45,"Excelent"
"2016-12-6",12,55,86,40,7,"Aotizhongxin",86,"Good"
"2016-12-7",17,59,107,40,10,"Aotizhongxin",107,"Slightly Polluted"
"2016-12-8",5,28,77,45,37,"Aotizhongxin",77,"Good"
"2016-12-9",4,20,31,14,33,"Aotizhongxin",33,"Excelent"
"2016-2-1",6,15,25,15,38,"Aotizhongxin",38,"Excelent"
"2016-2-10",35,36,78,51,30,"Aotizhongxin",78,"Good"
"2016-2-11",31,33,111,63,28,"Aotizhongxin",111,"Slightly Polluted"
"2016-2-12",13,24,101,40,28,"Aotizhongxin",101,"Slightly Polluted"
"2016-2-13",3,4,11,8,34,"Aotizhongxin",34,"Excelent"
"2016-2-14",1,3,12,5,35,"Aotizhongxin",35,"Excelent"
"2016-2-15",5,5,51,4,37,"Aotizhongxin",51,"Good"
"2016-2-16",11,7,40,5,40,"Aotizhongxin",40,"Excelent"
"2016-2-17",8,26,51,20,43,"Aotizhongxin",51,"Good"
"2016-2-18",2,12,31,16,44,"Aotizhongxin",44,"Excelent"
"2016-2-19",2,11,25,9,41,"Aotizhongxin",41,"Excelent"
"2016-2-2",9,24,29,24,36,"Aotizhongxin",36,"Excelent"
"2016-2-20",4,10,18,9,43,"Aotizhongxin",43,"Excelent"
"2016-2-21",16,28,76,27,35,"Aotizhongxin",76,"Good"
"2016-2-22",11,22,72,29,42,"Aotizhongxin",72,"Good"
"2016-2-23",4,8,18,5,40,"Aotizhongxin",40,"Excelent"
"2016-2-24",6,18,42,18,39,"Aotizhongxin",42,"Excelent"
"2016-2-25",5,18,43,13,34,"Aotizhongxin",43,"Excelent"
"2016-2-26",7,17,53,16,38,"Aotizhongxin",53,"Good"
"2016-2-27",5,14,29,14,37,"Aotizhongxin",37,"Excelent"
"2016-2-28",5,16,51,22,39,"Aotizhongxin",51,"Good"
"2016-2-29",7,19,45,13,34,"Aotizhongxin",45,"Excelent"
"2016-2-3",13,28,38,17,35,"Aotizhongxin",38,"Excelent"
"2016-2-4",8,9,20,7,39,"Aotizhongxin",39,"Excelent"
"2016-2-5",5,7,34,6,39,"Aotizhongxin",39,"Excelent"
"2016-2-6",5,14,27,13,43,"Aotizhongxin",43,"Excelent"
"2016-2-7",11,18,56,20,43,"Aotizhongxin",56,"Good"
"2016-2-8",33,20,149,43,41,"Aotizhongxin",149,"Slightly Polluted"
"2016-2-9",12,20,45,16,58,"Aotizhongxin",58,"Good"
"2016-3-1",19,38,92,35,29,"Aotizhongxin",92,"Good"
"2016-3-10",3,7,59,5,44,"Aotizhongxin",59,"Good"
"2016-3-11",5,16,52,9,43,"Aotizhongxin",52,"Good"
"2016-3-12",26,35,101,34,30,"Aotizhongxin",101,"Slightly Polluted"
"2016-3-13",6,13,47,29,53,"Aotizhongxin",53,"Good"
"2016-3-14",11,25,89,20,50,"Aotizhongxin",89,"Good"
"2016-3-15",30,29,139,29,34,"Aotizhongxin",139,"Slightly Polluted"
"2016-3-16",23,31,173,36,166,"Aotizhongxin",173,"Lightly Polluted"
"2016-3-17",16,37,172,36,118,"Aotizhongxin",172,"Lightly Polluted"
"2016-3-18",7,28,128,41,112,"Aotizhongxin",128,"Slightly Polluted"
"2016-3-19",9,16,94,28,43,"Aotizhongxin",94,"Good"
"2016-3-2",23,48,114,42,44,"Aotizhongxin",114,"Slightly Polluted"
"2016-3-20",4,24,86,17,50,"Aotizhongxin",86,"Good"
"2016-3-21",10,33,143,20,112,"Aotizhongxin",143,"Slightly Polluted"
"2016-3-22",14,33,149,27,34,"Aotizhongxin",149,"Slightly Polluted"
"2016-3-23",2,13,41,19,49,"Aotizhongxin",49,"Excelent"
"2016-3-24",1,18,28,7,48,"Aotizhongxin",48,"Excelent"
"2016-3-25",1,17,29,8,57,"Aotizhongxin",57,"Good"
"2016-3-26",5,13,27,6,52,"Aotizhongxin",52,"Good"
"2016-3-27",6,17,38,6,79,"Aotizhongxin",79,"Good"
"2016-3-28",12,31,139,13,42,"Aotizhongxin",139,"Slightly Polluted"
"2016-3-29",6,12,63,6,58,"Aotizhongxin",63,"Good"
"2016-3-3",32,51,179,59,32,"Aotizhongxin",179,"Lightly Polluted"
"2016-3-30",8,18,62,11,68,"Aotizhongxin",68,"Good"
"2016-3-31",28,31,155,25,146,"Aotizhongxin",155,"Lightly Polluted"
"2016-3-4",36,50,212,66,26,"Aotizhongxin",212,"Moderately Polluted"
"2016-3-5",2,9,199,7,40,"Aotizhongxin",199,"Lightly Polluted"
"2016-3-6",18,30,124,25,18,"Aotizhongxin",124,"Slightly Polluted"
"2016-3-7",8,15,73,32,42,"Aotizhongxin",73,"Good"
"2016-3-8",2,6,24,4,39,"Aotizhongxin",39,"Excelent"
"2016-3-9",3,5,36,5,38,"Aotizhongxin",38,"Excelent"
"2016-4-1",7,11,86,11,47,"Aotizhongxin",86,"Good"
"2016-4-10",9,16,141,12,53,"Aotizhongxin",141,"Slightly Polluted"
"2016-4-11",6,19,85,7,52,"Aotizhongxin",85,"Good"
"2016-4-12",4,24,73,8,46,"Aotizhongxin",73,"Good"
"2016-4-13",3,23,94,16,92,"Aotizhongxin",94,"Good"
"2016-4-14",2,12,74,8,100,"Aotizhongxin",100,"Good"
"2016-4-15",11,25,83,16,112,"Aotizhongxin",112,"Slightly Polluted"
"2016-4-16",2,8,62,4,43,"Aotizhongxin",62,"Good"
"2016-4-17",1,5,33,3,50,"Aotizhongxin",50,"Excelent"
"2016-4-18",2,8,29,4,73,"Aotizhongxin",73,"Good"
"2016-4-19",11,25,72,22,29,"Aotizhongxin",72,"Good"
"2016-4-2",5,8,21,2,48,"Aotizhongxin",48,"Excelent"
"2016-4-20",5,16,70,13,101,"Aotizhongxin",101,"Slightly Polluted"
"2016-4-21",4,25,111,22,127,"Aotizhongxin",127,"Slightly Polluted"
"2016-4-22",1,9,72,8,71,"Aotizhongxin",72,"Good"
"2016-4-23",2,14,43,6,68,"Aotizhongxin",68,"Good"
"2016-4-24",12,21,87,14,190,"Aotizhongxin",190,"Lightly Polluted"
"2016-4-25",8,13,85,13,168,"Aotizhongxin",168,"Lightly Polluted"
"2016-4-26",16,18,74,28,127,"Aotizhongxin",127,"Slightly Polluted"
"2016-4-27",6,25,70,17,103,"Aotizhongxin",103,"Slightly Polluted"
"2016-4-28",4,22,76,15,208,"Aotizhongxin",208,"Moderately Polluted"
"2016-4-29",10,24,90,21,217,"Aotizhongxin",217,"Moderately Polluted"
"2016-4-3",2,9,46,4,66,"Aotizhongxin",66,"Good"
"2016-4-30",6,25,110,22,240,"Aotizhongxin",240,"Moderately Polluted"
"2016-4-4",5,18,83,7,117,"Aotizhongxin",117,"Slightly Polluted"
"2016-4-5",11,21,100,13,157,"Aotizhongxin",157,"Lightly Polluted"
"2016-4-6",19,26,109,28,74,"Aotizhongxin",109,"Slightly Polluted"
"2016-4-7",2,19,87,27,52,"Aotizhongxin",87,"Good"
"2016-4-8",3,14,71,6,60,"Aotizhongxin",71,"Good"
"2016-4-9",9,30,108,10,46,"Aotizhongxin",108,"Slightly Polluted"
"2016-5-1",15,16,119,30,246,"Aotizhongxin",246,"Moderately Polluted"
"2016-5-10",3,15,55,10,172,"Aotizhongxin",172,"Lightly Polluted"
"2016-5-11",8,12,100,15,186,"Aotizhongxin",186,"Lightly Polluted"
"2016-5-12",1,10,46,14,47,"Aotizhongxin",47,"Excelent"
"2016-5-13",3,17,44,13,129,"Aotizhongxin",129,"Slightly Polluted"
"2016-5-14",1,13,43,7,81,"Aotizhongxin",81,"Good"
"2016-5-15",1,15,46,15,48,"Aotizhongxin",48,"Excelent"
"2016-5-16",2,20,43,9,105,"Aotizhongxin",105,"Slightly Polluted"
"2016-5-17",6,20,65,10,227,"Aotizhongxin",227,"Moderately Polluted"
"2016-5-18",5,11,59,9,189,"Aotizhongxin",189,"Lightly Polluted"
"2016-5-19",8,14,69,13,227,"Aotizhongxin",227,"Moderately Polluted"
"2016-5-2",2,8,65,11,79,"Aotizhongxin",79,"Good"
"2016-5-20",13,18,69,18,240,"Aotizhongxin",240,"Moderately Polluted"
"2016-5-21",11,20,61,12,234,"Aotizhongxin",234,"Moderately Polluted"
"2016-5-22",5,23,56,8,219,"Aotizhongxin",219,"Moderately Polluted"
"2016-5-23",9,17,57,16,190,"Aotizhongxin",190,"Lightly Polluted"
"2016-5-24",2,12,27,6,132,"Aotizhongxin",132,"Slightly Polluted"
"2016-5-25",2,10,22,7,117,"Aotizhongxin",117,"Slightly Polluted"
"2016-5-26",2,12,50,8,95,"Aotizhongxin",95,"Good"
"2016-5-27",9,15,69,11,204,"Aotizhongxin",204,"Moderately Polluted"
"2016-5-28",8,10,55,8,205,"Aotizhongxin",205,"Moderately Polluted"
"2016-5-29",4,9,53,9,184,"Aotizhongxin",184,"Lightly Polluted"
"2016-5-3",1,14,51,7,68,"Aotizhongxin",68,"Good"
"2016-5-30",12,16,91,17,273,"Aotizhongxin",273,"Heavily Polluted"
"2016-5-31",6,14,69,13,87,"Aotizhongxin",87,"Good"
"2016-5-4",2,28,50,11,137,"Aotizhongxin",137,"Slightly Polluted"
"2016-5-5",8,21,69,17,113,"Aotizhongxin",113,"Slightly Polluted"
"2016-5-6",1,7,101,3,49,"Aotizhongxin",101,"Slightly Polluted"
"2016-5-7",2,14,34,7,123,"Aotizhongxin",123,"Slightly Polluted"
"2016-5-8",9,17,65,13,163,"Aotizhongxin",163,"Lightly Polluted"
"2016-5-9",3,14,51,8,49,"Aotizhongxin",51,"Good"
"2016-6-1",3,18,50,9,190,"Aotizhongxin",190,"Lightly Polluted"
"2016-6-10",1,8,48,9,238,"Aotizhongxin",238,"Moderately Polluted"
"2016-6-11",1,11,20,7,79,"Aotizhongxin",79,"Good"
"2016-6-12",3,14,64,14,214,"Aotizhongxin",214,"Moderately Polluted"
"2016-6-13",1,11,43,9,92,"Aotizhongxin",92,"Good"
"2016-6-14",1,10,35,6,60,"Aotizhongxin",60,"Good"
"2016-6-15",1,14,26,7,175,"Aotizhongxin",175,"Lightly Polluted"
"2016-6-16",1,19,40,8,209,"Aotizhongxin",209,"Moderately Polluted"
"2016-6-17",1,21,42,9,98,"Aotizhongxin",98,"Good"
"2016-6-18",2,17,56,9,209,"Aotizhongxin",209,"Moderately Polluted"
"2016-6-19",2,14,67,18,240,"Aotizhongxin",240,"Moderately Polluted"
"2016-6-2",6,20,59,12,222,"Aotizhongxin",222,"Moderately Polluted"
"2016-6-20",3,12,69,21,239,"Aotizhongxin",239,"Moderately Polluted"
"2016-6-21",2,12,72,19,247,"Aotizhongxin",247,"Moderately Polluted"
"2016-6-22",1,12,57,12,229,"Aotizhongxin",229,"Moderately Polluted"
"2016-6-23",3,15,74,19,204,"Aotizhongxin",204,"Moderately Polluted"
"2016-6-24",1,13,19,9,50,"Aotizhongxin",50,"Excelent"
"2016-6-25",1,13,26,5,76,"Aotizhongxin",76,"Good"
"2016-6-26",2,18,55,6,223,"Aotizhongxin",223,"Moderately Polluted"
"2016-6-27",4,15,64,9,193,"Aotizhongxin",193,"Lightly Polluted"
"2016-6-28",1,12,60,11,52,"Aotizhongxin",60,"Good"
"2016-6-29",1,13,80,12,210,"Aotizhongxin",210,"Moderately Polluted"
"2016-6-3",14,23,76,17,227,"Aotizhongxin",227,"Moderately Polluted"
"2016-6-30",1,13,54,9,217,"Aotizhongxin",217,"Moderately Polluted"
"2016-6-4",10,12,70,12,237,"Aotizhongxin",237,"Moderately Polluted"
"2016-6-5",8,14,65,15,233,"Aotizhongxin",233,"Moderately Polluted"
"2016-6-6",5,13,79,12,241,"Aotizhongxin",241,"Moderately Polluted"
"2016-6-7",1,9,58,11,151,"Aotizhongxin",151,"Lightly Polluted"
"2016-6-8",2,13,85,17,240,"Aotizhongxin",240,"Moderately Polluted"
"2016-6-9",4,13,85,22,223,"Aotizhongxin",223,"Moderately Polluted"
"2016-7-1",1,11,21,8,173,"Aotizhongxin",173,"Lightly Polluted"
"2016-7-10",3,16,69,10,212,"Aotizhongxin",212,"Moderately Polluted"
"2016-7-11",4,14,69,8,208,"Aotizhongxin",208,"Moderately Polluted"
"2016-7-12",2,15,33,7,81,"Aotizhongxin",81,"Good"
"2016-7-13",1,18,26,6,205,"Aotizhongxin",205,"Moderately Polluted"
"2016-7-14",3,24,55,13,162,"Aotizhongxin",162,"Lightly Polluted"
"2016-7-15",1,15,40,10,46,"Aotizhongxin",46,"Excelent"
"2016-7-16",1,21,41,10,49,"Aotizhongxin",49,"Excelent"
"2016-7-17",1,23,66,11,247,"Aotizhongxin",247,"Moderately Polluted"
"2016-7-18",2,29,75,16,144,"Aotizhongxin",144,"Slightly Polluted"
"2016-7-19",1,24,72,19,30,"Aotizhongxin",72,"Good"
"2016-7-2",2,14,55,11,207,"Aotizhongxin",207,"Moderately Polluted"
"2016-7-20",1,11,36,12,33,"Aotizhongxin",36,"Excelent"
"2016-7-21",1,10,26,12,35,"Aotizhongxin",35,"Excelent"
"2016-7-22",1,11,65,11,185,"Aotizhongxin",185,"Lightly Polluted"
"2016-7-23",1,14,91,15,216,"Aotizhongxin",216,"Moderately Polluted"
"2016-7-24",1,14,60,11,245,"Aotizhongxin",245,"Moderately Polluted"
"2016-7-25",1,13,63,10,172,"Aotizhongxin",172,"Lightly Polluted"
"2016-7-26",1,15,50,4,158,"Aotizhongxin",158,"Lightly Polluted"
"2016-7-27",1,24,52,15,264,"Aotizhongxin",264,"Heavily Polluted"
"2016-7-28",1,23,49,13,229,"Aotizhongxin",229,"Moderately Polluted"
"2016-7-29",1,29,83,22,233,"Aotizhongxin",233,"Moderately Polluted"
"2016-7-3",5,19,72,13,225,"Aotizhongxin",225,"Moderately Polluted"
"2016-7-30",1,26,95,25,74,"Aotizhongxin",95,"Good"
"2016-7-31",1,27,49,17,82,"Aotizhongxin",82,"Good"
"2016-7-4",3,13,89,14,219,"Aotizhongxin",219,"Moderately Polluted"
"2016-7-5",2,12,72,16,232,"Aotizhongxin",232,"Moderately Polluted"
"2016-7-6",3,17,64,14,224,"Aotizhongxin",224,"Moderately Polluted"
"2016-7-7",4,15,81,20,233,"Aotizhongxin",233,"Moderately Polluted"
"2016-7-8",3,18,73,19,219,"Aotizhongxin",219,"Moderately Polluted"
"2016-7-9",2,17,64,10,212,"Aotizhongxin",212,"Moderately Polluted"
"2016-8-1",1,22,56,21,198,"Aotizhongxin",198,"Lightly Polluted"
"2016-8-10",1,12,62,10,182,"Aotizhongxin",182,"Lightly Polluted"
"2016-8-11",2,13,65,11,206,"Aotizhongxin",206,"Moderately Polluted"
"2016-8-12",1,18,52,12,63,"Aotizhongxin",63,"Good"
"2016-8-13",1,24,21,9,40,"Aotizhongxin",40,"Excelent"
"2016-8-14",1,21,20,13,215,"Aotizhongxin",215,"Moderately Polluted"
"2016-8-15",1,18,20,13,55,"Aotizhongxin",55,"Good"
"2016-8-16",1,17,22,6,196,"Aotizhongxin",196,"Lightly Polluted"
"2016-8-17",1,33,55,13,41,"Aotizhongxin",55,"Good"
"2016-8-18",1,25,63,23,29,"Aotizhongxin",63,"Good"
"2016-8-19",1,16,18,21,92,"Aotizhongxin",92,"Good"
"2016-8-2",1,20,50,25,172,"Aotizhongxin",172,"Lightly Polluted"
"2016-8-20",1,19,51,14,243,"Aotizhongxin",243,"Moderately Polluted"
"2016-8-21",1,22,47,14,277,"Aotizhongxin",277,"Heavily Polluted"
"2016-8-22",3,14,39,20,170,"Aotizhongxin",170,"Lightly Polluted"
"2016-8-23",4,18,56,11,170,"Aotizhongxin",170,"Lightly Polluted"
"2016-8-24",2,26,63,12,137,"Aotizhongxin",137,"Slightly Polluted"
"2016-8-25",1,16,24,12,48,"Aotizhongxin",48,"Excelent"
"2016-8-26",1,19,18,5,60,"Aotizhongxin",60,"Good"
"2016-8-27",2,24,28,6,48,"Aotizhongxin",48,"Excelent"
"2016-8-28",1,19,21,3,65,"Aotizhongxin",65,"Good"
"2016-8-29",1,24,33,6,98,"Aotizhongxin",98,"Good"
"2016-8-3",1,18,50,13,241,"Aotizhongxin",241,"Moderately Polluted"
"2016-8-30",1,26,48,10,218,"Aotizhongxin",218,"Moderately Polluted"
"2016-8-31",1,24,25,11,53,"Aotizhongxin",53,"Good"
"2016-8-4",1,19,78,18,252,"Aotizhongxin",252,"Heavily Polluted"
"2016-8-5",1,14,54,16,204,"Aotizhongxin",204,"Moderately Polluted"
"2016-8-6",2,20,75,12,201,"Aotizhongxin",201,"Moderately Polluted"
"2016-8-7",1,11,17,24,125,"Aotizhongxin",125,"Slightly Polluted"
"2016-8-8",1,16,30,14,179,"Aotizhongxin",179,"Lightly Polluted"
"2016-8-9",2,23,41,16,226,"Aotizhongxin",226,"Moderately Polluted"
"2016-9-1",1,13,23,5,45,"Aotizhongxin",45,"Excelent"
"2016-9-10",1,23,35,5,89,"Aotizhongxin",89,"Good"
"2016-9-11",1,17,44,13,112,"Aotizhongxin",112,"Slightly Polluted"
"2016-9-12",1,17,40,8,142,"Aotizhongxin",142,"Slightly Polluted"
"2016-9-13",1,28,73,13,185,"Aotizhongxin",185,"Lightly Polluted"
"2016-9-14",1,28,81,14,202,"Aotizhongxin",202,"Moderately Polluted"
"2016-9-15",2,24,69,14,217,"Aotizhongxin",217,"Moderately Polluted"
"2016-9-16",2,24,94,14,222,"Aotizhongxin",222,"Moderately Polluted"
"2016-9-17",1,23,48,8,50,"Aotizhongxin",50,"Excelent"
"2016-9-18",1,18,22,6,24,"Aotizhongxin",24,"Excelent"
"2016-9-19",1,19,18,8,43,"Aotizhongxin",43,"Excelent"
"2016-9-2",1,12,24,5,41,"Aotizhongxin",41,"Excelent"
"2016-9-20",1,25,34,8,68,"Aotizhongxin",68,"Good"
"2016-9-21",4,43,72,11,28,"Aotizhongxin",72,"Good"
"2016-9-22",5,35,79,13,125,"Aotizhongxin",125,"Slightly Polluted"
"2016-9-23",1,29,93,19,220,"Aotizhongxin",220,"Moderately Polluted"
"2016-9-24",2,34,90,20,217,"Aotizhongxin",217,"Moderately Polluted"
"2016-9-25",1,28,108,21,77,"Aotizhongxin",108,"Slightly Polluted"
"2016-9-26",1,25,51,19,46,"Aotizhongxin",51,"Good"
"2016-9-27",1,15,29,17,34,"Aotizhongxin",34,"Excelent"
"2016-9-28",1,31,42,10,14,"Aotizhongxin",42,"Excelent"
"2016-9-29",2,33,61,13,43,"Aotizhongxin",61,"Good"
"2016-9-3",1,15,29,6,201,"Aotizhongxin",201,"Moderately Polluted"
"2016-9-30",3,45,84,14,182,"Aotizhongxin",182,"Lightly Polluted"
"2016-9-4",2,26,69,19,195,"Aotizhongxin",195,"Lightly Polluted"
"2016-9-5",1,14,34,7,81,"Aotizhongxin",81,"Good"
"2016-9-6",1,22,25,8,43,"Aotizhongxin",43,"Excelent"
"2016-9-7",2,23,56,8,203,"Aotizhongxin",203,"Moderately Polluted"
"2016-9-8",1,24,35,7,84,"Aotizhongxin",84,"Good"
"2016-9-9",2,26,39,8,43,"Aotizhongxin",43,"Excelent"
"2017-1-1",5,79,369,73,8,"Aotizhongxin",369,"Severely Polluted"
"2017-1-10",4,27,42,18,37,"Aotizhongxin",42,"Excelent"
"2017-1-11",15,44,56,31,19,"Aotizhongxin",56,"Good"
"2017-1-12",11,34,55,20,42,"Aotizhongxin",55,"Good"
"2017-1-13",8,14,25,6,42,"Aotizhongxin",42,"Excelent"
"2017-1-14",9,27,35,19,40,"Aotizhongxin",40,"Excelent"
"2017-1-15",6,28,53,15,32,"Aotizhongxin",53,"Good"
"2017-1-16",11,41,75,28,26,"Aotizhongxin",75,"Good"
"2017-1-17",15,43,98,34,30,"Aotizhongxin",98,"Good"
"2017-1-18",5,33,52,11,26,"Aotizhongxin",52,"Good"
"2017-1-19",5,15,59,26,40,"Aotizhongxin",59,"Good"
"2017-1-2",7,47,120,72,28,"Aotizhongxin",120,"Slightly Polluted"
"2017-1-20",5,17,28,11,40,"Aotizhongxin",40,"Excelent"
"2017-1-21",7,18,45,29,39,"Aotizhongxin",45,"Excelent"
"2017-1-22",6,25,30,13,39,"Aotizhongxin",39,"Excelent"
"2017-1-23",7,23,34,29,31,"Aotizhongxin",34,"Excelent"
"2017-1-24",19,44,70,42,30,"Aotizhongxin",70,"Good"
"2017-1-25",23,57,109,51,27,"Aotizhongxin",109,"Slightly Polluted"
"2017-1-26",15,37,112,57,42,"Aotizhongxin",112,"Slightly Polluted"
"2017-1-27",13,16,63,14,49,"Aotizhongxin",63,"Good"
"2017-1-28",54,42,323,45,81,"Aotizhongxin",323,"Severely Polluted"
"2017-1-29",8,9,61,42,81,"Aotizhongxin",81,"Good"
"2017-1-3",11,76,171,82,28,"Aotizhongxin",171,"Lightly Polluted"
"2017-1-30",8,9,28,9,93,"Aotizhongxin",93,"Good"
"2017-1-31",17,27,62,24,93,"Aotizhongxin",93,"Good"
"2017-1-4",11,90,231,92,17,"Aotizhongxin",231,"Moderately Polluted"
"2017-1-5",7,62,137,82,13,"Aotizhongxin",137,"Slightly Polluted"
"2017-1-6",13,60,123,56,12,"Aotizhongxin",123,"Slightly Polluted"
"2017-1-7",11,43,101,52,12,"Aotizhongxin",101,"Slightly Polluted"
"2017-1-8",6,16,20,13,37,"Aotizhongxin",37,"Excelent"
"2017-1-9",3,21,35,18,37,"Aotizhongxin",37,"Excelent"
"2017-2-1",7,12,42,15,42,"Aotizhongxin",42,"Excelent"
"2017-2-10",3,7,20,6,53,"Aotizhongxin",53,"Good"
"2017-2-11",12,29,55,23,52,"Aotizhongxin",55,"Good"
"2017-2-12",28,47,87,47,28,"Aotizhongxin",87,"Good"
"2017-2-13",17,43,79,59,45,"Aotizhongxin",79,"Good"
"2017-2-14",17,62,116,42,20,"Aotizhongxin",116,"Slightly Polluted"
"2017-2-15",24,65,136,48,30,"Aotizhongxin",136,"Slightly Polluted"
"2017-2-16",14,35,91,43,33,"Aotizhongxin",91,"Good"
"2017-2-17",5,14,35,9,38,"Aotizhongxin",38,"Excelent"
"2017-2-18",16,37,78,20,34,"Aotizhongxin",78,"Good"
"2017-2-19",15,34,94,24,40,"Aotizhongxin",94,"Good"
"2017-2-2",21,37,69,28,42,"Aotizhongxin",69,"Good"
"2017-2-20",3,14,30,9,46,"Aotizhongxin",46,"Excelent"
"2017-2-21",6,29,54,37,32,"Aotizhongxin",54,"Good"
"2017-2-22",3,24,63,16,45,"Aotizhongxin",63,"Good"
"2017-2-23",4,19,23,9,58,"Aotizhongxin",58,"Good"
"2017-2-24",9,30,30,11,55,"Aotizhongxin",55,"Good"
"2017-2-25",4,22,18,7,68,"Aotizhongxin",68,"Good"
"2017-2-26",5,33,38,18,46,"Aotizhongxin",46,"Excelent"
"2017-2-27",10,49,70,24,69,"Aotizhongxin",70,"Good"
"2017-2-28",5,19,22,14,76,"Aotizhongxin",76,"Good"
"2017-2-3",30,49,106,51,48,"Aotizhongxin",106,"Slightly Polluted"
"2017-2-4",34,59,154,56,48,"Aotizhongxin",154,"Lightly Polluted"
"2017-2-5",5,11,13,6,52,"Aotizhongxin",52,"Good"
"2017-2-6",5,14,19,7,52,"Aotizhongxin",52,"Good"
"2017-2-7",12,37,67,27,43,"Aotizhongxin",67,"Good"
"2017-2-8",4,15,45,27,52,"Aotizhongxin",52,"Good"
"2017-2-9",2,6,16,4,52,"Aotizhongxin",52,"Good"
